sample	samples	cg23346960	cg18245652	cg25739316	cg07051257	cg05375507	cg14292803	cg15419852	cg09513133	cg00004072	cg10369688	cg05209306	sample_type.samples
TCGA-G3-A25X-11A	TCGA-G3-A25X-11A	0.248291	0.0541386	0.0295893	0.0320994	0.023427	0.0442875	0.0270832	0.0290529	0.0433739	0.102857	0.265258	Solid Tissue Normal
TCGA-CC-5260-01A	TCGA-CC-5260-01A	0.133335	0.0912465	0.0210228	0.0251436	0.0171089	0.0325537	0.0307695	0.0226004	0.0298774	0.0567461	0.266163	Primary Tumor
TCGA-DD-A1EC-01A	TCGA-DD-A1EC-01A	0.0766752	0.0676193	0.0537102	0.226495	0.237709	0.0306646	0.0714224	0.0217565	0.034962	0.119286	0.201545	Primary Tumor
TCGA-G3-A25T-01A	TCGA-G3-A25T-01A	0.0751799	0.0590761	0.0191358	0.0223959	0.0250688	0.041203	0.0228607	0.0224481	0.0351099	0.0995444	0.112573	Primary Tumor
TCGA-CC-A7IE-01A	TCGA-CC-A7IE-01A	0.0739375	0.0327057	0.0237889	0.0632186	0.0411202	0.0429921	0.060172	0.0258251	0.0347924	0.0755872	0.205766	Primary Tumor
TCGA-CC-5263-01A	TCGA-CC-5263-01A	0.0708862	0.0402243	0.0447732	0.211198	0.0407528	0.0669172	0.068886	0.0489772	0.0440329	0.145504	0.417858	Primary Tumor
TCGA-EP-A12J-01A	TCGA-EP-A12J-01A	0.0599841	0.0583475	0.0433095	0.0898022	0.0482455	0.0403141	0.039757	0.0265349	0.0301786	0.0501677	0.21717	Primary Tumor
TCGA-CC-A3M9-01A	TCGA-CC-A3M9-01A	0.0589866	0.04164	0.021627	0.0310385	0.0252832	0.04007	0.0388882	0.0212038	0.0427234	0.0879508	0.481388	Primary Tumor
TCGA-BC-A10U-01A	TCGA-BC-A10U-01A	0.058867	0.0498587	0.0431253	0.0431218	0.0829748	0.0588165	0.0622539	0.0341263	0.0318794	0.157972	0.0511935	Primary Tumor
TCGA-BC-A10Q-01A	TCGA-BC-A10Q-01A	0.0587752	0.0625133	0.0228013	0.167636	0.0257789	0.041294	0.0411219	0.0220219	0.0469653	0.115116	0.536455	Primary Tumor
TCGA-4R-AA8I-01A	TCGA-4R-AA8I-01A	0.0577317	0.036865	0.0207652	0.0633187	0.0320776	0.0329796	0.0388902	0.0221283	0.0267228	0.0946113	0.172488	Primary Tumor
TCGA-2Y-A9H4-01A	TCGA-2Y-A9H4-01A	0.0563569	0.0337081	0.0236985	0.0635548	0.0333191	0.0339803	0.0662321	0.0233811	0.0283162	0.0483229	0.170543	Primary Tumor
TCGA-CC-A1HT-01A	TCGA-CC-A1HT-01A	0.056124	0.0585067	0.0297404	0.139363	0.0284352	0.0556584	0.0423665	0.0294624	0.0416969	0.130786	0.55151	Primary Tumor
TCGA-ZS-A9CF-02A	TCGA-ZS-A9CF-02A	0.0549563	0.0484902	0.032894	0.0768944	0.0461351	0.0388403	0.0564687	0.0252158	0.0434217	0.064309	0.100371	Recurrent Tumor
TCGA-DD-AAVR-01A	TCGA-DD-AAVR-01A	0.0542665	0.0512703	0.0399676	0.0527124	0.0397826	0.0396223	0.0551943	0.0313816	0.0329668	0.133909	0.281634	Primary Tumor
TCGA-DD-AADG-01A	TCGA-DD-AADG-01A	0.0538374	0.0572162	0.0323072	0.0450977	0.0313113	0.0387697	0.0328574	0.0273016	0.0435074	0.108471	0.175357	Primary Tumor
TCGA-DD-AACB-01A	TCGA-DD-AACB-01A	0.0533521	0.0553174	0.0214859	0.0427207	0.0254227	0.037978	0.0260847	0.027389	0.0367125	0.147373	0.184687	Primary Tumor
TCGA-RC-A6M6-01A	TCGA-RC-A6M6-01A	0.0521945	0.0465214	0.0256247	0.0379665	0.0279762	0.0447941	0.0566248	0.0256975	0.0492236	0.142982	0.181266	Primary Tumor
TCGA-DD-AAD6-01A	TCGA-DD-AAD6-01A	0.0501764	0.0544129	0.0256745	0.0688247	0.0425282	0.0527414	0.0354459	0.0291319	0.0514212	0.125104	0.0653946	Primary Tumor
TCGA-CC-5264-01A	TCGA-CC-5264-01A	0.0493936	0.0347816	0.0211014	0.0403813	0.0254741	0.0331401	0.0302292	0.0238915	0.0313507	0.128996	0.11375	Primary Tumor
TCGA-DD-A1ED-11A	TCGA-DD-A1ED-11A	0.0485014	0.0441552	0.0192361	0.0230043	0.0208222	0.0456065	0.0215099	0.0280177	0.0324927	0.104181	0.234958	Solid Tissue Normal
TCGA-DD-A11D-01A	TCGA-DD-A11D-01A	0.0481978	0.0417015	0.022888	0.0249733	0.0285465	0.0392802	0.0277676	0.0315318	0.0322673	0.107353	0.104397	Primary Tumor
TCGA-DD-AADL-01A	TCGA-DD-AADL-01A	0.0479168	0.0734877	0.0232664	0.0426173	0.0292738	0.0461412	0.0320179	0.0258795	0.0451817	0.113801	0.211039	Primary Tumor
TCGA-BC-A10Q-11A	TCGA-BC-A10Q-11A	0.0476307	0.0437674	0.0245729	0.0704708	0.0291359	0.0330799	0.0429062	0.0433124	0.0589323	0.0907516	0.272388	Solid Tissue Normal
TCGA-ZS-A9CF-01A	TCGA-ZS-A9CF-01A	0.0476104	0.0491106	0.0269732	0.0658536	0.0418573	0.036312	0.047995	0.0258048	0.0419584	0.0759147	0.108886	Primary Tumor
TCGA-ZS-A9CG-01A	TCGA-ZS-A9CG-01A	0.0469717	0.050505	0.0294336	0.0437998	0.0289239	0.0343503	0.0446611	0.0266991	0.04378	0.104363	0.204122	Primary Tumor
TCGA-2Y-A9GS-01A	TCGA-2Y-A9GS-01A	0.0464772	0.048855	0.0293932	0.0575561	0.0358425	0.0370379	0.0514341	0.0223925	0.0311449	0.0893969	0.168688	Primary Tumor
TCGA-DD-A39W-01A	TCGA-DD-A39W-01A	0.0464526	0.0492336	0.0202069	0.03714	0.0293391	0.0349367	0.0365638	0.0270785	0.0371954	0.085162	0.54166	Primary Tumor
TCGA-G3-A5SL-01A	TCGA-G3-A5SL-01A	0.0462445	0.0497453	0.0270139	0.0581341	0.033467	0.0453228	0.0448607	0.0236335	0.0342539	0.131895	0.277284	Primary Tumor
TCGA-EP-A2KB-01A	TCGA-EP-A2KB-01A	0.0458415	0.0600127	0.0260831	0.0750273	0.0201365	0.0487871	0.022777	0.0330482	0.0501155	0.0619315	0.192352	Primary Tumor
TCGA-2Y-A9GX-01A	TCGA-2Y-A9GX-01A	0.0457606	0.0494076	0.0220562	0.0827048	0.0372556	0.0396785	0.0467643	0.0243394	0.0304076	0.0802773	0.223926	Primary Tumor
TCGA-DD-A1EK-01A	TCGA-DD-A1EK-01A	0.0453041	0.0428359	0.0205184	0.0240281	0.0241537	0.0359677	0.031901	0.0272438	0.050278	0.102283	0.119642	Primary Tumor
TCGA-DD-A1EJ-11A	TCGA-DD-A1EJ-11A	0.0451623	0.0429874	0.0218546	0.0266962	0.0218776	0.0337771	0.029606	0.0275278	0.0591858	0.0853887	0.233126	Solid Tissue Normal
TCGA-BC-A10R-01A	TCGA-BC-A10R-01A	0.0450688	0.0440706	0.0222818	0.0813453	0.0249564	0.0350305	0.0281841	0.0280733	0.0384865	0.132027	0.194587	Primary Tumor
TCGA-2Y-A9GU-01A	TCGA-2Y-A9GU-01A	0.0448722	0.0600215	0.0220847	0.0603333	0.0276586	0.0317589	0.043458	0.0199543	0.0331869	0.0697696	0.1191	Primary Tumor
TCGA-EP-A3RK-01A	TCGA-EP-A3RK-01A	0.0445758	0.0440806	0.0252051	0.0316832	0.0261511	0.0380996	0.0283288	0.0249172	0.0335331	0.0742473	0.195091	Primary Tumor
TCGA-CC-A7IK-01A	TCGA-CC-A7IK-01A	0.044531	0.0403167	0.0257281	0.0363622	0.0287323	0.0452369	0.0360173	0.0440407	0.0303748	0.15189	0.120753	Primary Tumor
TCGA-EP-A2KA-01A	TCGA-EP-A2KA-01A	0.0444865	0.0532454	0.015833	0.0247817	0.0203898	0.0409726	0.0212891	0.024824	0.0458016	0.108026	0.235167	Primary Tumor
TCGA-BC-A10Y-01A	TCGA-BC-A10Y-01A	0.0444754	0.0441326	0.0323801	0.0514826	0.0425162	0.0335326	0.0459462	0.0318134	0.0323675	0.124482	0.078188	Primary Tumor
TCGA-5R-AA1C-01A	TCGA-5R-AA1C-01A	0.0439374	0.0574539	0.0222994	0.0399335	0.025906	0.0436496	0.0352793	0.0291076	0.0410455	0.0904131	0.173296	Primary Tumor
TCGA-LG-A9QD-01A	TCGA-LG-A9QD-01A	0.0438859	0.0447687	0.0267266	0.0608649	0.0433938	0.0353964	0.057507	0.0230698	0.0349981	0.0653642	0.172309	Primary Tumor
TCGA-ZP-A9D2-01A	TCGA-ZP-A9D2-01A	0.0437394	0.0340841	0.0201868	0.0501307	0.031001	0.0335238	0.0475457	0.0243719	0.0291108	0.0866212	0.394406	Primary Tumor
TCGA-5C-A9VH-01A	TCGA-5C-A9VH-01A	0.0436584	0.0446459	0.0217796	0.0449169	0.0245752	0.0327513	0.0293854	0.0228877	0.0442928	0.0735279	0.152023	Primary Tumor
TCGA-DD-AAVZ-01A	TCGA-DD-AAVZ-01A	0.0434087	0.0575993	0.0266727	0.0369795	0.0201859	0.0381589	0.0223918	0.0243324	0.0475956	0.123376	0.17929	Primary Tumor
TCGA-DD-AAEH-01A	TCGA-DD-AAEH-01A	0.0432606	0.0689032	0.0232878	0.0378351	0.0216534	0.046522	0.0302678	0.0313312	0.0443948	0.0898853	0.205936	Primary Tumor
TCGA-DD-A39W-11A	TCGA-DD-A39W-11A	0.043227	0.0438167	0.0194242	0.0267575	0.0251004	0.0301103	0.0365595	0.0270925	0.0388926	0.127459	0.306769	Solid Tissue Normal
TCGA-DD-A1EL-11A	TCGA-DD-A1EL-11A	0.0432177	0.0354703	0.019675	0.0413492	0.0239181	0.0523617	0.0213248	0.0286774	0.0318468	0.0503958	0.242486	Solid Tissue Normal
TCGA-2Y-A9H2-01A	TCGA-2Y-A9H2-01A	0.0431971	0.040548	0.0248267	0.0573622	0.0324963	0.0381989	0.0608178	0.024802	0.0345768	0.0510877	0.335373	Primary Tumor
TCGA-2Y-A9H1-01A	TCGA-2Y-A9H1-01A	0.0431299	0.036401	0.0230207	0.0652322	0.0380318	0.03786	0.0478958	0.0231059	0.029263	0.0758396	0.128664	Primary Tumor
TCGA-DD-A4NA-01A	TCGA-DD-A4NA-01A	0.0424513	0.0361935	0.0175591	0.0240133	0.0253934	0.0293523	0.0291114	0.0241466	0.0433423	0.0807093	0.219876	Primary Tumor
TCGA-G3-AAV2-01A	TCGA-G3-AAV2-01A	0.0424431	0.0554242	0.0276766	0.0341732	0.0288912	0.0464501	0.0400817	0.0238256	0.0448918	0.107924	0.187939	Primary Tumor
TCGA-CC-A7IL-01A	TCGA-CC-A7IL-01A	0.0421841	0.0353319	0.0248045	0.0341391	0.0341657	0.0466092	0.0308292	0.036987	0.0383285	0.117047	0.0483914	Primary Tumor
TCGA-DD-A1EB-11A	TCGA-DD-A1EB-11A	0.04217	0.0367465	0.0292011	0.137482	0.0270736	0.0334561	0.0384913	0.0219891	0.0379613	0.13578	0.237552	Solid Tissue Normal
TCGA-DD-A39X-11A	TCGA-DD-A39X-11A	0.0418009	0.0490747	0.0292422	0.0276092	0.0247309	0.0384961	0.0414478	0.027806	0.0375451	0.0804969	0.171756	Solid Tissue Normal
TCGA-DD-A3A1-11A	TCGA-DD-A3A1-11A	0.0415677	0.0488126	0.0199464	0.0291459	0.0339491	0.0441101	0.0322999	0.0265321	0.0327364	0.0824606	0.205172	Solid Tissue Normal
TCGA-DD-AAD0-01A	TCGA-DD-AAD0-01A	0.0413031	0.0640241	0.0332334	0.0403517	0.0227834	0.0465692	0.0260934	0.0243852	0.0448038	0.0836853	0.128085	Primary Tumor
TCGA-ZP-A9CY-01A	TCGA-ZP-A9CY-01A	0.0411706	0.0371347	0.0243428	0.0643606	0.034143	0.0364402	0.0628478	0.0234434	0.0322744	0.0561455	0.168167	Primary Tumor
TCGA-DD-A73B-01A	TCGA-DD-A73B-01A	0.0411609	0.0640717	0.02034	0.0268759	0.024062	0.0394465	0.0381263	0.0251013	0.0393383	0.103129	0.149604	Primary Tumor
TCGA-ED-A459-01A	TCGA-ED-A459-01A	0.0411032	0.0393515	0.0175818	0.0288687	0.0201496	0.0295484	0.0242724	0.0248832	0.0373926	0.0766107	0.0862971	Primary Tumor
TCGA-DD-A39X-01A	TCGA-DD-A39X-01A	0.0410955	0.0563788	0.0292987	0.0353158	0.0298404	0.0308531	0.0363881	0.0242196	0.0525589	0.0758823	0.204068	Primary Tumor
TCGA-CC-A8HV-01A	TCGA-CC-A8HV-01A	0.0410598	0.0450115	0.0235138	0.0304534	0.0208576	0.0391494	0.0422687	0.0183665	0.0412325	0.0611443	0.113309	Primary Tumor
TCGA-G3-AAV1-01A	TCGA-G3-AAV1-01A	0.0409981	0.0541674	0.0247767	0.0534647	0.0351571	0.031264	0.0362492	0.0276474	0.0331686	0.0985151	0.110132	Primary Tumor
TCGA-2Y-A9H0-01A	TCGA-2Y-A9H0-01A	0.0409618	0.0423521	0.029477	0.0784489	0.0353792	0.031957	0.040289	0.0245943	0.0401448	0.104322	0.0449336	Primary Tumor
TCGA-BD-A2L6-01A	TCGA-BD-A2L6-01A	0.040727	0.0475999	0.0385424	0.036754	0.033019	0.0319141	0.041663	0.0291253	0.0391164	0.0835518	0.159054	Primary Tumor
TCGA-PD-A5DF-01A	TCGA-PD-A5DF-01A	0.0407256	0.0410777	0.0304204	0.0520454	0.028197	0.0377213	0.0392398	0.0295246	0.0437362	0.0684113	0.166037	Primary Tumor
TCGA-UB-AA0U-01A	TCGA-UB-AA0U-01A	0.0406321	0.0331408	0.022907	0.054813	0.0309093	0.0334771	0.0332707	0.0259356	0.0335614	0.0610611	0.156478	Primary Tumor
TCGA-ED-A8O6-01A	TCGA-ED-A8O6-01A	0.0406289	0.0477789	0.0247835	0.0380912	0.033776	0.0475073	0.0378553	0.0208385	0.0499698	0.0809265	0.0683737	Primary Tumor
TCGA-DD-A3A2-11A	TCGA-DD-A3A2-11A	0.0405996	0.0512942	0.0226323	0.0339895	0.0250879	0.0368338	0.0367063	0.0265171	0.0512332	0.103398	0.201581	Solid Tissue Normal
TCGA-G3-A7M5-01A	TCGA-G3-A7M5-01A	0.0405866	0.0423005	0.0231416	0.0299454	0.0242526	0.0321315	0.0251083	0.0289887	0.0509608	0.0894045	0.139205	Primary Tumor
TCGA-DD-AACX-01A	TCGA-DD-AACX-01A	0.040511	0.0707537	0.0318888	0.0554467	0.0317926	0.0491493	0.0323751	0.0292112	0.0495846	0.107785	0.0525273	Primary Tumor
TCGA-BC-A216-01A	TCGA-BC-A216-01A	0.040461	0.0643214	0.020335	0.026323	0.0176928	0.034684	0.0213111	0.0258863	0.0312922	0.128642	0.199161	Primary Tumor
TCGA-DD-A115-11A	TCGA-DD-A115-11A	0.0403747	0.0447403	0.0220978	0.127195	0.0241241	0.0464368	0.0382569	0.0276914	0.0398334	0.0896488	0.250104	Solid Tissue Normal
TCGA-DD-A73E-01A	TCGA-DD-A73E-01A	0.0402373	0.0428657	0.0200467	0.0339688	0.0273345	0.0361763	0.0345197	0.0270956	0.0358134	0.1026	0.388716	Primary Tumor
TCGA-UB-AA0V-01A	TCGA-UB-AA0V-01A	0.0402078	0.042214	0.0312293	0.0539348	0.0363526	0.0323998	0.0496914	0.0263153	0.0359119	0.0834615	0.195793	Primary Tumor
TCGA-ZP-A9D0-01A	TCGA-ZP-A9D0-01A	0.0401921	0.048421	0.0278694	0.0382105	0.0350184	0.0389473	0.0414898	0.0240286	0.0393561	0.0482083	0.129157	Primary Tumor
TCGA-CC-A9FV-01A	TCGA-CC-A9FV-01A	0.0399981	0.0510694	0.0258937	0.0428052	0.029051	0.0528665	0.0330569	0.0209101	0.0579221	0.105514	0.247636	Primary Tumor
TCGA-DD-AAVX-01A	TCGA-DD-AAVX-01A	0.0399548	0.0735177	0.029052	0.0519767	0.0260229	0.0279213	0.0355594	0.0381847	0.0575659	0.0900176	0.179152	Primary Tumor
TCGA-5R-AAAM-01A	TCGA-5R-AAAM-01A	0.0399494	0.0648576	0.0204049	0.0519984	0.0260108	0.0386748	0.0345911	0.0287323	0.0544195	0.100924	0.230409	Primary Tumor
TCGA-FV-A496-01A	TCGA-FV-A496-01A	0.0399242	0.040126	0.0187069	0.0578831	0.0256953	0.0429728	0.0397252	0.0273669	0.0559363	0.105934	0.143982	Primary Tumor
TCGA-BC-A3KG-01A	TCGA-BC-A3KG-01A	0.0398813	0.0591363	0.0191161	0.0345437	0.0255788	0.047068	0.0319837	0.0258038	0.0461266	0.0812651	0.668498	Primary Tumor
TCGA-G3-A25W-01A	TCGA-G3-A25W-01A	0.039795	0.0543064	0.0195533	0.0267404	0.0214354	0.0413248	0.0240826	0.0317631	0.0339634	0.0891835	0.24123	Primary Tumor
TCGA-CC-A8HU-01A	TCGA-CC-A8HU-01A	0.0397893	0.044425	0.021117	0.0392027	0.0250376	0.0321553	0.0301242	0.0217688	0.0310793	0.090931	0.107624	Primary Tumor
TCGA-DD-AAED-01A	TCGA-DD-AAED-01A	0.0397732	0.0569028	0.0283481	0.041878	0.0256945	0.0531517	0.0327136	0.0245891	0.0606641	0.1348	0.0705974	Primary Tumor
TCGA-ES-A2HS-11A	TCGA-ES-A2HS-11A	0.0396883	0.0468728	0.020334	0.0266634	0.0177825	0.0380189	0.0248121	0.0271736	0.0418068	0.116272	0.260062	Solid Tissue Normal
TCGA-5C-A9VG-01A	TCGA-5C-A9VG-01A	0.0396821	0.0483046	0.0218027	0.0315105	0.0311751	0.0447096	0.0455604	0.0197714	0.0402248	0.0985473	0.243662	Primary Tumor
TCGA-DD-A1EL-01A	TCGA-DD-A1EL-01A	0.0396318	0.0546945	0.0182344	0.0352906	0.029299	0.0369583	0.0165276	0.0230018	0.0220562	0.0885544	0.14842	Primary Tumor
TCGA-ED-A4XI-01A	TCGA-ED-A4XI-01A	0.0395658	0.0382884	0.0248805	0.0299885	0.0239613	0.0342076	0.0666918	0.0241026	0.0399579	0.0679175	0.200951	Primary Tumor
TCGA-BC-A10X-11A	TCGA-BC-A10X-11A	0.0395444	0.0645579	0.0292325	0.185258	0.039254	0.0471692	0.0391697	0.025916	0.0650227	0.11343	0.29246	Solid Tissue Normal
TCGA-ED-A97K-01A	TCGA-ED-A97K-01A	0.0395277	0.0470623	0.0240983	0.0524794	0.0314624	0.0398214	0.0740969	0.0184294	0.0389565	0.0514221	0.183607	Primary Tumor
TCGA-2Y-A9GV-01A	TCGA-2Y-A9GV-01A	0.0393645	0.0443134	0.0270101	0.0581427	0.0436889	0.0425197	0.0648534	0.021624	0.0311256	0.094356	0.151438	Primary Tumor
TCGA-DD-A1EH-11A	TCGA-DD-A1EH-11A	0.0393276	0.0516098	0.017097	0.0201665	0.0199406	0.0353312	0.022605	0.0288476	0.0317706	0.0827095	0.226645	Solid Tissue Normal
TCGA-EP-A26S-01A	TCGA-EP-A26S-01A	0.0393272	0.0636389	0.0409376	0.0424884	0.0539845	0.036082	0.0595953	0.0283017	0.0259043	0.140921	0.26512	Primary Tumor
TCGA-BC-4072-01B	TCGA-BC-4072-01B	0.0391505	0.0442444	0.022932	0.034505	0.0218084	0.0403456	0.0262761	0.0286489	0.0334287	0.0684419	0.272717	Primary Tumor
TCGA-FV-A23B-01A	TCGA-FV-A23B-01A	0.0390619	0.0420895	0.018511	0.0268139	0.025773	0.0405592	0.0248379	0.0244466	0.03575	0.0924481	0.211258	Primary Tumor
TCGA-DD-A1EG-11A	TCGA-DD-A1EG-11A	0.039054	0.0684773	0.0226114	0.0292724	0.0239681	0.032526	0.029433	0.0268869	0.0403634	0.0593842	0.243288	Solid Tissue Normal
TCGA-DD-A1EF-01A	TCGA-DD-A1EF-01A	0.0390404	0.0501958	0.0183066	0.0270488	0.0195158	0.0290178	0.0264613	0.0227288	0.0420265	0.0745529	0.47385	Primary Tumor
TCGA-DD-A39Y-01A	TCGA-DD-A39Y-01A	0.0389788	0.0518333	0.0315858	0.0391257	0.0362384	0.0321927	0.0397375	0.0256376	0.0264663	0.126684	0.106238	Primary Tumor
TCGA-DD-A3A4-01A	TCGA-DD-A3A4-01A	0.0389001	0.0515718	0.0219241	0.0337179	0.0263074	0.0430764	0.0282345	0.0300202	0.038942	0.100432	0.106003	Primary Tumor
TCGA-G3-A25S-01A	TCGA-G3-A25S-01A	0.0388711	0.0483575	0.0222854	0.0370772	0.0233103	0.03458	0.0270157	0.0243653	0.0466044	0.113281	0.0852511	Primary Tumor
TCGA-MR-A520-01A	TCGA-MR-A520-01A	0.0388039	0.0338571	0.0172212	0.0297032	0.0235852	0.0450433	0.0266922	0.024292	0.0407634	0.0751196	0.233348	Primary Tumor
TCGA-CC-A5UE-01A	TCGA-CC-A5UE-01A	0.0387659	0.0418313	0.0250682	0.0378396	0.0239189	0.0292802	0.0307956	0.0245407	0.0299165	0.102649	0.09748	Primary Tumor
TCGA-ZP-A9CV-01A	TCGA-ZP-A9CV-01A	0.0386974	0.0413636	0.0258004	0.0660621	0.0385787	0.0328802	0.0631861	0.0218611	0.0382294	0.0684006	0.152725	Primary Tumor
TCGA-DD-A116-11A	TCGA-DD-A116-11A	0.0386174	0.0474092	0.0276444	0.0425876	0.0302912	0.0409668	0.0413883	0.0269105	0.0411131	0.113848	0.229275	Solid Tissue Normal
TCGA-DD-AADN-01A	TCGA-DD-AADN-01A	0.0385471	0.0384364	0.0235148	0.0336234	0.0297073	0.025956	0.0359274	0.0374583	0.0325136	0.100061	0.0646081	Primary Tumor
TCGA-CC-A7IF-01A	TCGA-CC-A7IF-01A	0.0384798	0.0374594	0.0240034	0.0423053	0.0242977	0.0475697	0.0285493	0.0313639	0.0367986	0.103956	0.102783	Primary Tumor
TCGA-5R-AA1D-01A	TCGA-5R-AA1D-01A	0.0384345	0.0417421	0.0240853	0.0614966	0.0337767	0.0363237	0.0666895	0.0198189	0.0352391	0.0792333	0.154357	Primary Tumor
TCGA-CC-A7IG-01A	TCGA-CC-A7IG-01A	0.0383964	0.0432313	0.0175235	0.0305037	0.0266472	0.041824	0.027323	0.0274947	0.0389344	0.0981523	0.155081	Primary Tumor
TCGA-DD-AADM-01A	TCGA-DD-AADM-01A	0.0383393	0.0509741	0.0330679	0.0455916	0.0247208	0.0313393	0.0368787	0.0324655	0.0391327	0.119775	0.0460328	Primary Tumor
TCGA-BW-A5NQ-01A	TCGA-BW-A5NQ-01A	0.0383129	0.0480757	0.0261032	0.0512709	0.0315484	0.0552149	0.0469076	0.0243906	0.0406006	0.137903	0.225935	Primary Tumor
TCGA-DD-AAC8-01A	TCGA-DD-AAC8-01A	0.0383034	0.0501234	0.0318819	0.0345986	0.026546	0.0282108	0.0293871	0.032407	0.040143	0.102061	0.240675	Primary Tumor
TCGA-GJ-A3OU-01A	TCGA-GJ-A3OU-01A	0.0382028	0.0367475	0.0215119	0.0610216	0.0406396	0.0453667	0.0535687	0.023352	0.0402446	0.0847854	0.249442	Primary Tumor
TCGA-YA-A8S7-01A	TCGA-YA-A8S7-01A	0.0381196	0.0441343	0.0254901	0.0341495	0.0251858	0.0424211	0.0359647	0.0211523	0.0437742	0.0386122	0.223244	Primary Tumor
TCGA-DD-A1EI-01A	TCGA-DD-A1EI-01A	0.0381064	0.0453601	0.0222006	0.030366	0.0228103	0.0284847	0.032751	0.0219952	0.029178	0.109885	0.242645	Primary Tumor
TCGA-BC-A217-01A	TCGA-BC-A217-01A	0.0380827	0.0606492	0.0243462	0.0336047	0.0209369	0.0324834	0.0259247	0.0321327	0.0283862	0.0966193	0.122645	Primary Tumor
TCGA-DD-A3A9-01A	TCGA-DD-A3A9-01A	0.0380705	0.0388665	0.0164292	0.0340292	0.02447	0.0369092	0.0271545	0.0229713	0.0383232	0.086027	0.158358	Primary Tumor
TCGA-XR-A8TF-01A	TCGA-XR-A8TF-01A	0.0379694	0.0443384	0.0278184	0.032171	0.0332065	0.0361536	0.0316374	0.0240721	0.0459502	0.0718185	0.159352	Primary Tumor
TCGA-ZP-A9D1-01A	TCGA-ZP-A9D1-01A	0.0379519	0.0449007	0.0251916	0.0507296	0.0345583	0.039162	0.0712288	0.0216049	0.0402986	0.0742082	0.174746	Primary Tumor
TCGA-CC-A8HT-01A	TCGA-CC-A8HT-01A	0.037884	0.0553889	0.0227497	0.036444	0.0288118	0.0483792	0.0519583	0.0215303	0.0507897	0.116382	0.290213	Primary Tumor
TCGA-ED-A82E-01A	TCGA-ED-A82E-01A	0.0378521	0.0553755	0.0186908	0.0402584	0.0200095	0.036523	0.0288971	0.0251399	0.0388814	0.0737514	0.735366	Primary Tumor
TCGA-DD-A1E9-11A	TCGA-DD-A1E9-11A	0.0378409	0.0466903	0.0245637	0.0231089	0.0273433	0.0375263	0.0294239	0.0284449	0.0346912	0.077169	0.218407	Solid Tissue Normal
TCGA-DD-AAW2-01A	TCGA-DD-AAW2-01A	0.0377679	0.0499777	0.0218684	0.0294321	0.0223179	0.0336665	0.0305365	0.0242525	0.043881	0.121205	0.102216	Primary Tumor
TCGA-DD-AACA-02A	TCGA-DD-AACA-02A	0.0377667	0.0495425	0.0243348	0.0319445	0.0327038	0.0338591	0.0421529	0.0263916	0.038939	0.105076	0.0853212	Recurrent Tumor
TCGA-DD-AAE8-01A	TCGA-DD-AAE8-01A	0.0377594	0.0609968	0.0368234	0.0403162	0.0338723	0.0385017	0.036453	0.0330871	0.0421085	0.144521	0.217373	Primary Tumor
TCGA-2Y-A9GZ-01A	TCGA-2Y-A9GZ-01A	0.0377338	0.0458427	0.0297851	0.041088	0.032706	0.0335174	0.0419197	0.0240221	0.0391338	0.106621	0.155088	Primary Tumor
TCGA-EP-A12J-11A	TCGA-EP-A12J-11A	0.0377139	0.0424985	0.0268395	0.0328582	0.0213109	0.0352363	0.026157	0.0263664	0.0326642	0.11928	0.254042	Solid Tissue Normal
TCGA-DD-AADW-01A	TCGA-DD-AADW-01A	0.0377102	0.0436785	0.0179435	0.0385782	0.0231253	0.0352714	0.0365307	0.0199011	0.0471004	0.0653454	0.53015	Primary Tumor
TCGA-ZP-A9CZ-01A	TCGA-ZP-A9CZ-01A	0.0376629	0.0428506	0.0233516	0.0600541	0.0347641	0.0452909	0.0609941	0.0236591	0.0392741	0.0706756	0.110205	Primary Tumor
TCGA-DD-AACD-01A	TCGA-DD-AACD-01A	0.0376222	0.0478333	0.0228168	0.0381756	0.020547	0.0446152	0.0320366	0.0267896	0.0349693	0.094558	0.204699	Primary Tumor
TCGA-G3-AAV7-01A	TCGA-G3-AAV7-01A	0.0375669	0.0350433	0.0204441	0.0502017	0.0359132	0.0382168	0.0440018	0.0213529	0.0487751	0.0766705	0.151134	Primary Tumor
TCGA-WQ-AB4B-01A	TCGA-WQ-AB4B-01A	0.0375384	0.0550975	0.0263076	0.0417614	0.0272082	0.0369638	0.0305806	0.0313203	0.0344014	0.107743	0.170539	Primary Tumor
TCGA-G3-A25X-01A	TCGA-G3-A25X-01A	0.0374842	0.0645105	0.0232298	0.0218649	0.020407	0.0496075	0.0220332	0.0229062	0.078813	0.0817013	0.276585	Primary Tumor
TCGA-CC-A5UD-01A	TCGA-CC-A5UD-01A	0.0374363	0.0530284	0.0314986	0.0599448	0.0269699	0.0442351	0.0394078	0.023187	0.0561378	0.100418	0.130518	Primary Tumor
TCGA-K7-A5RG-01A	TCGA-K7-A5RG-01A	0.0373922	0.0423373	0.028386	0.0411244	0.0227496	0.0376189	0.0329336	0.0230763	0.0361382	0.101622	0.157591	Primary Tumor
TCGA-G3-A5SI-01A	TCGA-G3-A5SI-01A	0.0373072	0.0467952	0.0342633	0.0455894	0.0330403	0.0429691	0.0376655	0.0242166	0.0528233	0.105658	0.0746902	Primary Tumor
TCGA-DD-A3A3-01A	TCGA-DD-A3A3-01A	0.0372835	0.0508842	0.0219991	0.0265165	0.0321731	0.04817	0.0346037	0.0268331	0.0368759	0.0992475	0.153058	Primary Tumor
TCGA-FV-A4ZP-01A	TCGA-FV-A4ZP-01A	0.0372731	0.0406353	0.0229679	0.0488242	0.0269383	0.0402968	0.0270757	0.028752	0.0421321	0.111881	0.167224	Primary Tumor
TCGA-DD-AACL-01A	TCGA-DD-AACL-01A	0.0372031	0.0571061	0.0265962	0.0350051	0.0244066	0.03768	0.0366586	0.0274743	0.0414865	0.182208	0.440201	Primary Tumor
TCGA-ED-A8O5-01A	TCGA-ED-A8O5-01A	0.0371655	0.0493682	0.0250356	0.0446302	0.0291806	0.0432036	0.0442807	0.022566	0.0508654	0.107479	0.259138	Primary Tumor
TCGA-DD-AAD2-01A	TCGA-DD-AAD2-01A	0.037153	0.0499506	0.0237134	0.0236622	0.0253777	0.0342759	0.0275349	0.0281832	0.0369513	0.105217	0.177432	Primary Tumor
TCGA-DD-A3A7-01A	TCGA-DD-A3A7-01A	0.0370744	0.041736	0.0226095	0.0324335	0.0250678	0.04095	0.0368049	0.0298184	0.0382778	0.102612	0.111712	Primary Tumor
TCGA-LG-A9QC-01A	TCGA-LG-A9QC-01A	0.0370624	0.0483503	0.0326664	0.0450479	0.0305204	0.0419855	0.0487729	0.0190022	0.0467762	0.102105	0.166056	Primary Tumor
TCGA-DD-AAD5-01A	TCGA-DD-AAD5-01A	0.0369977	0.0666564	0.0292329	0.0403685	0.0247678	0.0447431	0.0313191	0.0240593	0.0343258	0.0922242	0.274204	Primary Tumor
TCGA-WQ-A9G7-01A	TCGA-WQ-A9G7-01A	0.0369143	0.0462786	0.0328299	0.0437227	0.0376749	0.0497116	0.0411176	0.0217421	0.0427279	0.0941267	0.168009	Primary Tumor
TCGA-BC-A69I-01A	TCGA-BC-A69I-01A	0.0368978	0.0394416	0.0200302	0.0392032	0.0268804	0.0396624	0.038453	0.0281257	0.0397701	0.0900086	0.179411	Primary Tumor
TCGA-DD-AAD3-01A	TCGA-DD-AAD3-01A	0.0368929	0.0594905	0.0255103	0.0390443	0.0211532	0.0461721	0.02905	0.0274294	0.0444914	0.0819542	0.209711	Primary Tumor
TCGA-DD-AACG-01A	TCGA-DD-AACG-01A	0.0368799	0.0666303	0.0138893	0.0413821	0.0155774	0.0466198	0.0206125	0.0188702	0.0532679	0.0689746	0.129623	Primary Tumor
TCGA-DD-A113-11A	TCGA-DD-A113-11A	0.036779	0.0515434	0.0226282	0.0313257	0.0237833	0.0289876	0.0274987	0.0307257	0.0353875	0.12949	0.188507	Solid Tissue Normal
TCGA-DD-A73F-01A	TCGA-DD-A73F-01A	0.0366186	0.031627	0.0200919	0.0251895	0.025348	0.0348976	0.0276775	0.0267153	0.0336424	0.130225	0.161109	Primary Tumor
TCGA-ES-A2HT-01A	TCGA-ES-A2HT-01A	0.0365966	0.0568135	0.0176881	0.0345615	0.0237111	0.0440358	0.0328729	0.0246825	0.0438922	0.0823009	0.211537	Primary Tumor
TCGA-DD-A73G-01A	TCGA-DD-A73G-01A	0.036577	0.0524286	0.0185588	0.0307561	0.0243607	0.0500954	0.0482644	0.0204151	0.0528152	0.101047	0.15792	Primary Tumor
TCGA-BC-A10T-01A	TCGA-BC-A10T-01A	0.0365066	0.0478054	0.0259828	0.0268564	0.0253674	0.0369575	0.0237694	0.0284054	0.0359264	0.083625	0.186726	Primary Tumor
TCGA-DD-A4NG-01A	TCGA-DD-A4NG-01A	0.0364327	0.0483063	0.0307524	0.046043	0.0353971	0.0322005	0.0512952	0.0267589	0.046301	0.111511	0.286721	Primary Tumor
TCGA-XR-A8TE-01A	TCGA-XR-A8TE-01A	0.0364095	0.0462514	0.0284015	0.0440726	0.0330869	0.0509537	0.0515388	0.0249889	0.0460591	0.100259	0.330168	Primary Tumor
TCGA-GJ-A6C0-01A	TCGA-GJ-A6C0-01A	0.0363774	0.0364885	0.0189781	0.0294928	0.0235328	0.0344408	0.0254359	0.0302138	0.0357684	0.0997889	0.130377	Primary Tumor
TCGA-G3-A25Y-01A	TCGA-G3-A25Y-01A	0.0363222	0.0547379	0.0197519	0.0309973	0.019209	0.0433397	0.0228631	0.0294427	0.0379453	0.0936435	0.476798	Primary Tumor
TCGA-DD-AADR-01A	TCGA-DD-AADR-01A	0.0362972	0.0422514	0.0209946	0.035279	0.0242273	0.0272898	0.0297827	0.0286943	0.0391105	0.10638	0.18421	Primary Tumor
TCGA-2Y-A9GT-01A	TCGA-2Y-A9GT-01A	0.0362061	0.0363073	0.0302624	0.0853636	0.029552	0.0391614	0.0426929	0.0237363	0.0240195	0.0829289	0.203614	Primary Tumor
TCGA-FV-A3I0-01A	TCGA-FV-A3I0-01A	0.0361975	0.0651164	0.0196854	0.02919	0.0197657	0.0526422	0.0306285	0.0254748	0.0450268	0.09859	0.225613	Primary Tumor
TCGA-G3-A25U-01A	TCGA-G3-A25U-01A	0.0361677	0.0484989	0.0205072	0.0268022	0.0267692	0.0358269	0.0246899	0.0227422	0.038829	0.11421	0.109646	Primary Tumor
TCGA-RC-A6M5-01A	TCGA-RC-A6M5-01A	0.0360909	0.0450366	0.018917	0.0306591	0.0254053	0.0316072	0.0338156	0.0232273	0.0370822	0.0620469	0.175976	Primary Tumor
TCGA-DD-A11B-11A	TCGA-DD-A11B-11A	0.0360583	0.0482361	0.0216477	0.0308745	0.020932	0.0338037	0.02364	0.0262886	0.0317978	0.100966	0.255254	Solid Tissue Normal
TCGA-ED-A7XP-01A	TCGA-ED-A7XP-01A	0.0360377	0.0397595	0.0223638	0.0312358	0.02522	0.0337563	0.0237523	0.029296	0.0340927	0.0995139	0.134348	Primary Tumor
TCGA-DD-A11A-11A	TCGA-DD-A11A-11A	0.0359889	0.0292105	0.0302488	0.0591682	0.0867626	0.0380847	0.0511363	0.0233729	0.0543631	0.0878766	0.206131	Solid Tissue Normal
TCGA-CC-A7IH-01A	TCGA-CC-A7IH-01A	0.0359828	0.0342787	0.0212022	0.0418032	0.0313626	0.0337004	0.0265745	0.0275408	0.0480547	0.114402	0.308725	Primary Tumor
TCGA-BD-A3ER-01A	TCGA-BD-A3ER-01A	0.0358834	0.0456892	0.0271535	0.0299048	0.0190758	0.0446394	0.0390289	0.0226659	0.0357622	0.0823184	0.232615	Primary Tumor
TCGA-G3-A3CK-01A	TCGA-G3-A3CK-01A	0.0358336	0.0490778	0.0228619	0.0266971	0.0249719	0.0233518	0.0253897	0.0201388	0.040935	0.0851434	0.124687	Primary Tumor
TCGA-DD-AADC-01A	TCGA-DD-AADC-01A	0.0357935	0.0708869	0.0169743	0.0331035	0.0167896	0.0467059	0.0259303	0.0209348	0.0462213	0.0789309	0.164633	Primary Tumor
TCGA-2Y-A9H3-01A	TCGA-2Y-A9H3-01A	0.0357821	0.0331469	0.0270213	0.059086	0.0349015	0.0283315	0.0391719	0.0221517	0.0307894	0.0891534	0.228972	Primary Tumor
TCGA-DD-AAW3-01A	TCGA-DD-AAW3-01A	0.0357389	0.0580998	0.0259226	0.054938	0.030442	0.0378214	0.0317148	0.0289304	0.0508284	0.115223	0.201879	Primary Tumor
TCGA-MI-A75H-01A	TCGA-MI-A75H-01A	0.0356226	0.0424638	0.0275381	0.033342	0.0284132	0.0432677	0.0692185	0.0221803	0.0446714	0.0931449	0.379325	Primary Tumor
TCGA-BC-A10Y-11A	TCGA-BC-A10Y-11A	0.0356043	0.0530454	0.0180988	0.0321619	0.0181941	0.0371801	0.025447	0.0286843	0.0331756	0.0982701	0.210699	Solid Tissue Normal
TCGA-FV-A3R2-01A	TCGA-FV-A3R2-01A	0.0355533	0.0448241	0.0201486	0.0373601	0.0262193	0.0374767	0.0317859	0.0270257	0.0251079	0.123643	0.262102	Primary Tumor
TCGA-DD-A114-01A	TCGA-DD-A114-01A	0.0355414	0.0488963	0.0193759	0.0318732	0.0242985	0.0361147	0.0289871	0.0222739	0.0382921	0.0819982	0.330564	Primary Tumor
TCGA-DD-A39Z-11A	TCGA-DD-A39Z-11A	0.0355352	0.0498776	0.0250208	0.0301238	0.0279023	0.0397044	0.0335146	0.0239653	0.0464559	0.0660636	0.156908	Solid Tissue Normal
TCGA-FV-A2QR-11A	TCGA-FV-A2QR-11A	0.0354992	0.0510697	0.0194646	0.0275027	0.0201254	0.0373672	0.0283329	0.0276563	0.0434321	0.0594679	0.253591	Solid Tissue Normal
TCGA-DD-A11D-11A	TCGA-DD-A11D-11A	0.0354836	0.0542562	0.0179457	0.0276523	0.0262712	0.0380169	0.0232869	0.0250297	0.0308331	0.10216	0.24868	Solid Tissue Normal
TCGA-G3-A5SJ-01A	TCGA-G3-A5SJ-01A	0.0354524	0.0311634	0.0303671	0.0601929	0.0335709	0.0469358	0.0428009	0.0237484	0.0465907	0.0984292	0.275152	Primary Tumor
TCGA-CC-A9FS-01A	TCGA-CC-A9FS-01A	0.0354296	0.0396621	0.0233716	0.0312625	0.0213485	0.0364856	0.0355739	0.023167	0.0495811	0.0692198	0.104174	Primary Tumor
TCGA-CC-A9FW-01A	TCGA-CC-A9FW-01A	0.0354142	0.0590825	0.0212386	0.0316446	0.0253388	0.0447273	0.034484	0.0227845	0.0423407	0.124458	0.368493	Primary Tumor
TCGA-BC-A110-11A	TCGA-BC-A110-11A	0.0354089	0.0324899	0.0214266	0.0322594	0.0240997	0.0304685	0.0280827	0.0236094	0.0309862	0.0932089	0.212097	Solid Tissue Normal
TCGA-DD-AACH-01A	TCGA-DD-AACH-01A	0.0353934	0.0590909	0.0260868	0.0400081	0.0309914	0.0394022	0.0330159	0.0324616	0.0394738	0.112988	0.0992429	Primary Tumor
TCGA-CC-A3MA-01A	TCGA-CC-A3MA-01A	0.0353667	0.0465249	0.0169147	0.0231549	0.0261763	0.0372219	0.0245643	0.0199364	0.0308823	0.0868223	0.572772	Primary Tumor
TCGA-DD-AAE9-01A	TCGA-DD-AAE9-01A	0.0353464	0.0497466	0.023768	0.0366531	0.0269561	0.0428962	0.0302445	0.0294186	0.03325	0.0900899	0.208489	Primary Tumor
TCGA-DD-A4NN-01A	TCGA-DD-A4NN-01A	0.0353348	0.03982	0.0260651	0.0384579	0.0216573	0.0420096	0.0363848	0.0192073	0.0460701	0.0940599	0.744396	Primary Tumor
TCGA-WX-AA46-01A	TCGA-WX-AA46-01A	0.0353145	0.0462763	0.0189638	0.0374659	0.022521	0.0389303	0.0417481	0.0215322	0.0391921	0.0868327	0.208351	Primary Tumor
TCGA-DD-A1E9-01A	TCGA-DD-A1E9-01A	0.035294	0.0432369	0.0192205	0.020908	0.0214028	0.0356995	0.0224232	0.0232181	0.03002	0.0789074	0.249276	Primary Tumor
TCGA-ES-A2HT-11A	TCGA-ES-A2HT-11A	0.0352851	0.0567091	0.0152396	0.0306346	0.0182133	0.0411519	0.0218253	0.0259461	0.043407	0.0885721	0.216923	Solid Tissue Normal
TCGA-DD-A1ED-01A	TCGA-DD-A1ED-01A	0.0352338	0.0617159	0.0199848	0.0261513	0.0184075	0.0354492	0.0192756	0.0276514	0.0310086	0.12125	0.24656	Primary Tumor
TCGA-DD-AACM-01A	TCGA-DD-AACM-01A	0.035202	0.0407659	0.0238926	0.0295891	0.0225402	0.0396894	0.0223444	0.0262194	0.0369585	0.115915	0.145663	Primary Tumor
TCGA-DD-AADP-01A	TCGA-DD-AADP-01A	0.035147	0.0463358	0.0199823	0.0312213	0.0243986	0.0298655	0.038124	0.02111	0.0357027	0.073872	0.169796	Primary Tumor
TCGA-DD-AAE1-01A	TCGA-DD-AAE1-01A	0.0351352	0.0711513	0.0210478	0.0310669	0.0229879	0.0348352	0.0295056	0.0255058	0.0529648	0.0815405	0.290718	Primary Tumor
TCGA-EP-A2KC-01A	TCGA-EP-A2KC-01A	0.0351114	0.0489628	0.0280737	0.0265784	0.0268603	0.0444045	0.0290988	0.0330236	0.0385701	0.0921309	0.161429	Primary Tumor
TCGA-G3-A25V-01A	TCGA-G3-A25V-01A	0.0351104	0.0519601	0.0170667	0.0286712	0.0264669	0.0419955	0.0315581	0.0289169	0.0392891	0.0788569	0.316791	Primary Tumor
TCGA-KR-A7K8-01A	TCGA-KR-A7K8-01A	0.0350666	0.0388711	0.0247047	0.0417313	0.026062	0.0365583	0.0381514	0.0235922	0.0350623	0.102476	0.211319	Primary Tumor
TCGA-DD-A1EE-01A	TCGA-DD-A1EE-01A	0.0350077	0.048281	0.0186101	0.0227485	0.0234598	0.0288265	0.0257734	0.0280347	0.0333311	0.09823	0.125824	Primary Tumor
TCGA-DD-AAE3-01A	TCGA-DD-AAE3-01A	0.0349612	0.0444185	0.0212662	0.027171	0.0281074	0.0268489	0.0256299	0.0335212	0.0382017	0.130544	0.299798	Primary Tumor
TCGA-DD-AAE4-01A	TCGA-DD-AAE4-01A	0.0348895	0.040774	0.0214047	0.0330792	0.0254112	0.0234493	0.0267109	0.0326513	0.0380886	0.143661	0.0988671	Primary Tumor
TCGA-DD-A3A2-01A	TCGA-DD-A3A2-01A	0.0348728	0.043716	0.0207208	0.0240463	0.024105	0.0307417	0.0320429	0.0239931	0.0244798	0.0707883	0.17935	Primary Tumor
TCGA-DD-AADA-01A	TCGA-DD-AADA-01A	0.0348526	0.0498489	0.025919	0.0319585	0.0261517	0.0382167	0.0277629	0.0259184	0.0448358	0.109713	0.1604	Primary Tumor
TCGA-XR-A8TG-01A	TCGA-XR-A8TG-01A	0.0348295	0.0481489	0.0308257	0.0374125	0.0272334	0.0396017	0.0317884	0.0205121	0.0417722	0.0862205	0.19101	Primary Tumor
TCGA-BC-A10R-11A	TCGA-BC-A10R-11A	0.0347544	0.0377124	0.0276769	0.0667076	0.033133	0.0362585	0.0351065	0.0265929	0.0281105	0.0752967	0.247225	Solid Tissue Normal
TCGA-FV-A495-01A	TCGA-FV-A495-01A	0.0347331	0.0361392	0.0173397	0.0303871	0.0242314	0.0299759	0.0266648	0.0287937	0.032237	0.0884036	0.167186	Primary Tumor
TCGA-XR-A8TC-01A	TCGA-XR-A8TC-01A	0.0347094	0.046864	0.0296267	0.0383393	0.031655	0.0391263	0.044372	0.0199698	0.0475317	0.06612	0.120449	Primary Tumor
TCGA-DD-A39V-01A	TCGA-DD-A39V-01A	0.0346221	0.0461847	0.020125	0.0266788	0.0260003	0.0278644	0.0253654	0.0216537	0.0351811	0.0956271	0.14059	Primary Tumor
TCGA-DD-AACA-02B	TCGA-DD-AACA-02B	0.0346077	0.0489194	0.0228036	0.0393279	0.0252749	0.0311025	0.0284442	0.0287544	0.0335417	0.113909	0.13519	Recurrent Tumor
TCGA-BC-A112-11A	TCGA-BC-A112-11A	0.0345601	0.0474786	0.0417071	0.0442713	0.0516854	0.0325861	0.0425263	0.0332372	0.0333669	0.0862396	0.259997	Solid Tissue Normal
TCGA-RC-A6M3-01A	TCGA-RC-A6M3-01A	0.0345196	0.0529143	0.0254565	0.027764	0.0240591	0.0410402	0.0606064	0.0204966	0.0540584	0.0937663	0.256586	Primary Tumor
TCGA-DD-A114-11A	TCGA-DD-A114-11A	0.0344859	0.0407705	0.0241088	0.0408954	0.0276203	0.0281962	0.0261774	0.0231651	0.0312385	0.0690083	0.271437	Solid Tissue Normal
TCGA-DD-A1EA-01A	TCGA-DD-A1EA-01A	0.0344713	0.0452381	0.024419	0.0424876	0.0221733	0.0336749	0.0345457	0.0258977	0.0284296	0.123099	0.101281	Primary Tumor
TCGA-DD-A4NL-01A	TCGA-DD-A4NL-01A	0.0344701	0.0442089	0.024329	0.0393275	0.023998	0.0434374	0.0398342	0.0192487	0.0340653	0.103167	0.158313	Primary Tumor
TCGA-EP-A3JL-01A	TCGA-EP-A3JL-01A	0.0344447	0.0532203	0.024518	0.0300087	0.0211068	0.0424687	0.0271225	0.0258863	0.0344396	0.0798084	0.176569	Primary Tumor
TCGA-G3-A3CH-01A	TCGA-G3-A3CH-01A	0.0344275	0.0511003	0.0174338	0.0253127	0.0269731	0.0490152	0.0296707	0.0323983	0.035073	0.130002	0.194376	Primary Tumor
TCGA-DD-A116-01A	TCGA-DD-A116-01A	0.0344226	0.0511257	0.0176547	0.0383996	0.0198249	0.0382106	0.0237917	0.0249429	0.0443867	0.0990788	0.177125	Primary Tumor
TCGA-HP-A5N0-01A	TCGA-HP-A5N0-01A	0.0343834	0.048305	0.0216173	0.0359331	0.0231455	0.0401448	0.0287657	0.0199797	0.0546265	0.114713	0.247649	Primary Tumor
TCGA-CC-A7II-01A	TCGA-CC-A7II-01A	0.0343786	0.047914	0.0147447	0.0192181	0.0192731	0.0439285	0.021549	0.0207003	0.0518553	0.159235	0.606323	Primary Tumor
TCGA-DD-AAEB-01A	TCGA-DD-AAEB-01A	0.0343166	0.0434345	0.0328024	0.0404025	0.0307253	0.0344608	0.0368131	0.0304304	0.0426573	0.119927	0.25662	Primary Tumor
TCGA-DD-A3A5-01A	TCGA-DD-A3A5-01A	0.0342501	0.0450954	0.0212128	0.0294237	0.0218904	0.0313846	0.0316216	0.0275056	0.0315136	0.131615	0.171393	Primary Tumor
TCGA-MI-A75I-01A	TCGA-MI-A75I-01A	0.0342273	0.0530961	0.0220035	0.0282949	0.0261252	0.0403765	0.0557309	0.0217616	0.0316941	0.121814	0.202907	Primary Tumor
TCGA-DD-A1EC-11A	TCGA-DD-A1EC-11A	0.0341997	0.0661777	0.0192917	0.0412403	0.0485053	0.0303393	0.0531517	0.024672	0.0339438	0.0762003	0.281396	Solid Tissue Normal
TCGA-2Y-A9GY-01A	TCGA-2Y-A9GY-01A	0.034179	0.0417921	0.0198365	0.0473123	0.0296292	0.042428	0.0509141	0.0213633	0.0361393	0.0853183	0.10492	Primary Tumor
TCGA-DD-AACQ-01A	TCGA-DD-AACQ-01A	0.0341758	0.0645703	0.0245865	0.0384923	0.0235748	0.0517167	0.030394	0.0230252	0.076428	0.0911566	0.122859	Primary Tumor
TCGA-BC-A10W-01A	TCGA-BC-A10W-01A	0.0341147	0.0446433	0.0276927	0.0343329	0.0265741	0.0419933	0.0267344	0.0261861	0.0347074	0.105059	0.193538	Primary Tumor
TCGA-MI-A75C-01A	TCGA-MI-A75C-01A	0.0341125	0.0459991	0.0274806	0.051561	0.0306715	0.0282387	0.0444865	0.0222518	0.0374957	0.0967029	0.16424	Primary Tumor
TCGA-UB-A7MC-01A	TCGA-UB-A7MC-01A	0.0340472	0.0550066	0.0186608	0.0270341	0.0282461	0.0414732	0.0284056	0.0242529	0.034272	0.0910819	0.188452	Primary Tumor
TCGA-BC-A110-01A	TCGA-BC-A110-01A	0.0340254	0.0452071	0.0222497	0.046396	0.025986	0.0334601	0.0274792	0.0283573	0.0309531	0.0865979	0.262024	Primary Tumor
TCGA-FV-A2QR-01A	TCGA-FV-A2QR-01A	0.0340214	0.0487458	0.0263763	0.0245073	0.0278669	0.0358089	0.0464813	0.0283567	0.0415557	0.0881734	0.177728	Primary Tumor
TCGA-G3-A5SK-01A	TCGA-G3-A5SK-01A	0.0340012	0.0471207	0.028412	0.0411878	0.0260305	0.0295403	0.039021	0.0215898	0.0410754	0.105401	0.176023	Primary Tumor
TCGA-DD-AACY-01A	TCGA-DD-AACY-01A	0.0339622	0.0563771	0.0220283	0.0547327	0.0248887	0.0432423	0.0313376	0.0301243	0.0368027	0.100408	0.0881791	Primary Tumor
TCGA-DD-AACA-01A	TCGA-DD-AACA-01A	0.0339296	0.0520994	0.0226982	0.0273046	0.0292923	0.0324727	0.0301739	0.031513	0.0430267	0.0778266	0.18605	Primary Tumor
TCGA-EP-A26S-11A	TCGA-EP-A26S-11A	0.033912	0.0511169	0.0223558	0.0303828	0.0198085	0.0348686	0.0268858	0.0304137	0.0479486	0.112087	0.367113	Solid Tissue Normal
TCGA-BC-A10Z-11A	TCGA-BC-A10Z-11A	0.0338749	0.0488961	0.0213935	0.0417603	0.0193639	0.0411844	0.0274986	0.0231947	0.0373731	0.0830318	0.271324	Solid Tissue Normal
TCGA-CC-5261-01A	TCGA-CC-5261-01A	0.0338642	0.0461725	0.0170605	0.0226286	0.0179247	0.0268199	0.0240337	0.0186354	0.0370338	0.133059	0.368425	Primary Tumor
TCGA-2Y-A9GW-01A	TCGA-2Y-A9GW-01A	0.0338362	0.0450517	0.0234393	0.068515	0.0399503	0.0367137	0.0680588	0.0210047	0.0288241	0.0711133	0.22387	Primary Tumor
TCGA-DD-AACP-01A	TCGA-DD-AACP-01A	0.0338161	0.060035	0.0208821	0.0307316	0.0220294	0.0488064	0.0273127	0.0232972	0.0494568	0.0938725	0.123146	Primary Tumor
TCGA-ZS-A9CD-01A	TCGA-ZS-A9CD-01A	0.0337509	0.039229	0.026647	0.0378333	0.0294519	0.0386919	0.0306314	0.0228222	0.0354418	0.0895571	0.189001	Primary Tumor
TCGA-DD-A4ND-01A	TCGA-DD-A4ND-01A	0.0336844	0.0325956	0.0155081	0.0310451	0.0195888	0.0426664	0.0231171	0.0214464	0.0384606	0.0838006	0.315394	Primary Tumor
TCGA-WJ-A86L-01A	TCGA-WJ-A86L-01A	0.0336068	0.0498003	0.0278234	0.0375069	0.0268767	0.033339	0.0552998	0.0218054	0.0391649	0.112129	0.0935456	Primary Tumor
TCGA-G3-A3CJ-01A	TCGA-G3-A3CJ-01A	0.0335773	0.0440471	0.024231	0.0292378	0.0219576	0.0363034	0.0306477	0.0253472	0.0408577	0.0914033	0.305168	Primary Tumor
TCGA-MR-A8JO-01A	TCGA-MR-A8JO-01A	0.0335673	0.0440758	0.021871	0.0304646	0.0278774	0.0372229	0.0321198	0.0205595	0.0380253	0.069919	0.219129	Primary Tumor
TCGA-FV-A4ZQ-01A	TCGA-FV-A4ZQ-01A	0.0334146	0.0452488	0.0140464	0.0276089	0.0166893	0.0391489	0.02671	0.0256616	0.041282	0.111942	0.360314	Primary Tumor
TCGA-DD-A1EI-11A	TCGA-DD-A1EI-11A	0.0333688	0.0473388	0.0250919	0.0328935	0.0251681	0.0301252	0.0334228	0.0252055	0.0334839	0.0912243	0.22015	Solid Tissue Normal
TCGA-G3-AAV0-01A	TCGA-G3-AAV0-01A	0.0333363	0.050966	0.01817	0.0293619	0.025113	0.0427858	0.0421463	0.0175695	0.0702922	0.0907994	0.145779	Primary Tumor
TCGA-ED-A627-01A	TCGA-ED-A627-01A	0.0333322	0.0443325	0.0216278	0.0346802	0.0250874	0.0338685	0.0298841	0.0281479	0.0379042	0.0695898	0.241838	Primary Tumor
TCGA-DD-AACE-01A	TCGA-DD-AACE-01A	0.0333218	0.046428	0.0246629	0.0303322	0.0299176	0.0325259	0.0290941	0.0310873	0.0358798	0.118319	0.211454	Primary Tumor
TCGA-2Y-A9H5-01A	TCGA-2Y-A9H5-01A	0.0333141	0.0432524	0.0190379	0.0371527	0.0359358	0.0322509	0.0585829	0.0214106	0.0302316	0.0630797	0.141082	Primary Tumor
TCGA-DD-AA3A-01A	TCGA-DD-AA3A-01A	0.0333038	0.0642497	0.0207778	0.0404564	0.0244229	0.035908	0.0318678	0.0195243	0.0359558	0.0596117	0.400864	Primary Tumor
TCGA-DD-A39V-11A	TCGA-DD-A39V-11A	0.0332635	0.0400142	0.0185485	0.0280129	0.0255855	0.0285093	0.0349467	0.0240281	0.0323794	0.094059	0.251354	Solid Tissue Normal
TCGA-DD-A4NF-01A	TCGA-DD-A4NF-01A	0.0332476	0.0433408	0.0284047	0.0393889	0.0302435	0.0356394	0.0424302	0.0348495	0.0342847	0.0832401	0.173261	Primary Tumor
TCGA-NI-A8LF-01A	TCGA-NI-A8LF-01A	0.0332459	0.0473038	0.0232323	0.0330909	0.0209034	0.0485458	0.0378768	0.0201552	0.0445112	0.111016	0.129789	Primary Tumor
TCGA-DD-AAVY-01A	TCGA-DD-AAVY-01A	0.0331964	0.0557156	0.0265336	0.0250266	0.021636	0.0335788	0.0295222	0.0225249	0.0408002	0.108445	0.0697242	Primary Tumor
TCGA-DD-A119-01A	TCGA-DD-A119-01A	0.0331637	0.0484536	0.0271528	0.0360058	0.028522	0.0429794	0.0358252	0.024325	0.0368995	0.0994286	0.176576	Primary Tumor
TCGA-BD-A3EP-01A	TCGA-BD-A3EP-01A	0.0331041	0.0506561	0.0176881	0.0295516	0.0292132	0.0374499	0.0390824	0.024755	0.0337155	0.0996947	0.242401	Primary Tumor
TCGA-DD-AACV-01A	TCGA-DD-AACV-01A	0.0330884	0.058324	0.0180365	0.0289572	0.0150539	0.0437962	0.024774	0.0185798	0.054765	0.0889293	0.132108	Primary Tumor
TCGA-RC-A7SH-01A	TCGA-RC-A7SH-01A	0.033066	0.0414432	0.0222877	0.044533	0.0282457	0.0387612	0.045407	0.0224989	0.0318654	0.0773146	0.0898914	Primary Tumor
TCGA-G3-A6UC-01A	TCGA-G3-A6UC-01A	0.0330581	0.0423037	0.0213052	0.0569399	0.0309053	0.0370207	0.029282	0.0281324	0.0319749	0.133276	0.259992	Primary Tumor
TCGA-BC-4073-01B	TCGA-BC-4073-01B	0.0329657	0.0444662	0.0260273	0.0411556	0.030961	0.034784	0.0336621	0.0217709	0.0426514	0.0594481	0.351314	Primary Tumor
TCGA-DD-AAE7-01A	TCGA-DD-AAE7-01A	0.0329548	0.0468351	0.0227854	0.0295337	0.0249585	0.0331833	0.0310746	0.0227397	0.0475689	0.0920794	0.136815	Primary Tumor
TCGA-K7-AAU7-01A	TCGA-K7-AAU7-01A	0.032938	0.0356725	0.0263318	0.0670637	0.0317952	0.0287276	0.0481394	0.0223463	0.0257992	0.109112	0.294071	Primary Tumor
TCGA-DD-A113-01A	TCGA-DD-A113-01A	0.0329222	0.0644627	0.0163661	0.0278598	0.0172769	0.0321207	0.0252989	0.0191145	0.0380905	0.0957685	0.0834805	Primary Tumor
TCGA-DD-A4NK-01A	TCGA-DD-A4NK-01A	0.0329094	0.0365086	0.024166	0.0745716	0.0288235	0.0406384	0.0369618	0.0261388	0.0350965	0.120495	0.234381	Primary Tumor
TCGA-DD-A4NB-01A	TCGA-DD-A4NB-01A	0.0328214	0.0423119	0.0169614	0.0469859	0.0193988	0.0331634	0.0280572	0.0259049	0.0364932	0.0644283	0.199145	Primary Tumor
TCGA-DD-AACF-01A	TCGA-DD-AACF-01A	0.0327611	0.0663645	0.0227542	0.0414189	0.0262286	0.0367958	0.0279698	0.026189	0.036396	0.0899749	0.118003	Primary Tumor
TCGA-ED-A7PY-01A	TCGA-ED-A7PY-01A	0.0327554	0.0416752	0.0224102	0.0363586	0.0237733	0.0419574	0.0273695	0.0246238	0.0342117	0.106399	0.162764	Primary Tumor
TCGA-KR-A7K7-01A	TCGA-KR-A7K7-01A	0.0327487	0.0339689	0.0255574	0.0392475	0.0250582	0.031782	0.0205684	0.0252231	0.0354059	0.142097	0.216964	Primary Tumor
TCGA-FV-A3I1-01A	TCGA-FV-A3I1-01A	0.032743	0.0540451	0.0207537	0.029868	0.0246068	0.0306241	0.0285996	0.0257221	0.0312321	0.105608	0.139574	Primary Tumor
TCGA-DD-AAC9-01A	TCGA-DD-AAC9-01A	0.0327198	0.0546282	0.0248841	0.0705604	0.0273705	0.0446691	0.0356215	0.027239	0.0409855	0.115142	0.18967	Primary Tumor
TCGA-DD-AADO-01A	TCGA-DD-AADO-01A	0.0327178	0.0482744	0.0181392	0.0443924	0.021746	0.0400393	0.0215843	0.0243515	0.0419494	0.095449	0.173314	Primary Tumor
TCGA-FV-A3R3-01A	TCGA-FV-A3R3-01A	0.0326918	0.0500185	0.021579	0.0364029	0.0261175	0.0426769	0.0308444	0.0265175	0.034181	0.0877513	0.271216	Primary Tumor
TCGA-DD-AADJ-01A	TCGA-DD-AADJ-01A	0.0326726	0.0546079	0.0248833	0.0393411	0.0299621	0.0316375	0.0373843	0.0312152	0.0425845	0.114836	0.480074	Primary Tumor
TCGA-RC-A6M4-01A	TCGA-RC-A6M4-01A	0.0326716	0.0423853	0.0233301	0.039559	0.040053	0.040414	0.0467337	0.0244789	0.043918	0.130083	0.155147	Primary Tumor
TCGA-UB-A7MB-01A	TCGA-UB-A7MB-01A	0.0325128	0.0418095	0.0254909	0.0299553	0.0298016	0.0348212	0.0236211	0.0301121	0.0436309	0.117449	0.0834535	Primary Tumor
TCGA-DD-A39Z-01A	TCGA-DD-A39Z-01A	0.0324584	0.0504721	0.0239294	0.0311182	0.0293207	0.0408957	0.0440738	0.0262279	0.0356778	0.105324	0.123044	Primary Tumor
TCGA-DD-AACS-01A	TCGA-DD-AACS-01A	0.0324564	0.0488329	0.0241071	0.0413188	0.0306262	0.0417875	0.0298888	0.0308113	0.0453573	0.0902479	0.102009	Primary Tumor
TCGA-DD-AAVV-01A	TCGA-DD-AAVV-01A	0.0323958	0.0528158	0.0235741	0.0368026	0.0264694	0.0352972	0.0285317	0.025385	0.0415106	0.0950429	0.171651	Primary Tumor
TCGA-FV-A2QQ-01A	TCGA-FV-A2QQ-01A	0.0323312	0.0404781	0.0211131	0.0283507	0.0220029	0.0371127	0.0284274	0.0267548	0.0281478	0.079584	0.16426	Primary Tumor
TCGA-DD-AACI-01A	TCGA-DD-AACI-01A	0.0323224	0.0521867	0.0268186	0.045947	0.0315148	0.0415919	0.0348489	0.0283756	0.0424685	0.0987351	0.147821	Primary Tumor
TCGA-BC-A10T-11A	TCGA-BC-A10T-11A	0.0323075	0.0379502	0.0251893	0.0355042	0.0246287	0.039423	0.0270128	0.0264145	0.032602	0.0878951	0.198064	Solid Tissue Normal
TCGA-DD-AACW-01A	TCGA-DD-AACW-01A	0.0322969	0.0636191	0.018876	0.0353989	0.0216189	0.0376305	0.0238532	0.0237225	0.0584349	0.104695	0.334621	Primary Tumor
TCGA-CC-5262-01A	TCGA-CC-5262-01A	0.0322965	0.0400552	0.0230244	0.0396033	0.0242366	0.02655	0.0309837	0.0297207	0.0396725	0.121335	0.356368	Primary Tumor
TCGA-KR-A7K2-01A	TCGA-KR-A7K2-01A	0.0321818	0.035474	0.0164112	0.0290111	0.0167222	0.0402589	0.0249333	0.0251738	0.0401417	0.0894032	0.108552	Primary Tumor
TCGA-G3-A25W-11A	TCGA-G3-A25W-11A	0.0321749	0.0506059	0.0231319	0.0298655	0.023866	0.0369792	0.0261527	0.0267769	0.0333454	0.0831971	0.214186	Solid Tissue Normal
TCGA-CC-5259-01A	TCGA-CC-5259-01A	0.0321682	0.0563054	0.0144096	0.0174123	0.0188859	0.0351725	0.0229494	0.02165	0.0417623	0.0857373	0.0944326	Primary Tumor
TCGA-2Y-A9HB-01A	TCGA-2Y-A9HB-01A	0.0320904	0.0440499	0.0227474	0.039234	0.0267433	0.0347147	0.0562984	0.0214153	0.0460049	0.0887404	0.124541	Primary Tumor
TCGA-DD-A3A1-01A	TCGA-DD-A3A1-01A	0.0320038	0.0432357	0.0267606	0.032379	0.0322291	0.0449075	0.0428883	0.0281155	0.0326193	0.0947737	0.212033	Primary Tumor
TCGA-DD-AACU-01A	TCGA-DD-AACU-01A	32	0.0472499	0.0272665	0.041876	0.0265837	0.0241503	0.0322759	0.0334895	0.0340613	0.0995499	0.201481	Primary Tumor
TCGA-LG-A6GG-01A	TCGA-LG-A6GG-01A	0.0319933	0.0329235	0.0196909	0.0308067	0.0240926	0.0307591	0.0326367	0.0289729	0.0292632	0.0946087	0.11204	Primary Tumor
TCGA-DD-AADQ-01A	TCGA-DD-AADQ-01A	0.0319613	0.0497789	0.0230629	0.034353	0.0301085	0.0399885	0.0372239	0.0286712	0.0383932	0.123381	0.141628	Primary Tumor
TCGA-2Y-A9H9-01A	TCGA-2Y-A9H9-01A	0.031957	0.0452294	0.0209237	0.0329341	0.0238235	0.0316609	0.0388185	0.0245324	0.0397474	0.0630681	0.166428	Primary Tumor
TCGA-DD-AADU-01A	TCGA-DD-AADU-01A	0.0318992	0.0469477	0.0244749	0.0316714	0.0308237	0.0319127	0.0350146	0.0287223	0.0355225	0.102651	0.183618	Primary Tumor
TCGA-DD-AADV-01A	TCGA-DD-AADV-01A	0.0318724	0.0522395	0.0214816	0.0314499	0.0236999	0.0340338	0.0339137	0.0217226	0.0444471	0.0674073	0.103459	Primary Tumor
TCGA-DD-A73C-01A	TCGA-DD-A73C-01A	0.0318507	0.0283016	0.0228651	0.0364213	0.0264204	0.0378007	0.0272609	0.0243685	0.032619	0.108021	0.156679	Primary Tumor
TCGA-DD-A115-01A	TCGA-DD-A115-01A	0.0318495	0.0383835	0.0232641	0.0595183	0.0235346	0.0343295	0.024009	0.0233781	0.0370166	0.0944952	0.156524	Primary Tumor
TCGA-DD-A3A6-01A	TCGA-DD-A3A6-01A	0.031845	0.0417629	0.0238263	0.0308074	0.0289462	0.0356162	0.0338329	0.0288979	0.0269242	0.078311	0.304524	Primary Tumor
TCGA-G3-A3CI-01A	TCGA-G3-A3CI-01A	0.0318202	0.0462445	0.0213445	0.0239943	0.0237464	0.0378317	0.0338372	0.02396	0.0420554	0.0876838	0.376078	Primary Tumor
TCGA-DD-A4NH-01A	TCGA-DD-A4NH-01A	0.0317533	0.0427535	0.026928	0.0669329	0.0304244	0.0395185	0.0370051	0.0219246	0.0356589	0.110644	0.500832	Primary Tumor
TCGA-DD-AAE0-01A	TCGA-DD-AAE0-01A	0.0317188	0.0656687	0.0227647	0.0487528	0.022434	0.0366641	0.0264266	0.0212822	0.0561482	0.0773772	0.44395	Primary Tumor
TCGA-G3-AAV3-01A	TCGA-G3-AAV3-01A	0.0317158	0.0404004	0.0309936	0.0356027	0.0275261	0.0366354	0.0364362	0.022218	0.0532141	0.0918407	0.154128	Primary Tumor
TCGA-DD-A4NQ-01A	TCGA-DD-A4NQ-01A	0.0316719	0.0477386	0.0277066	0.0396439	0.0252961	0.0414755	0.0276808	0.0219189	0.0617102	0.0995355	0.408662	Primary Tumor
TCGA-DD-A3A0-01A	TCGA-DD-A3A0-01A	0.0316669	0.0500133	0.0224479	0.0283697	0.0188735	0.0395927	0.0278162	0.0243981	0.0338726	0.111074	0.200276	Primary Tumor
TCGA-DD-A1EJ-01A	TCGA-DD-A1EJ-01A	0.03166	0.0544004	0.0176901	0.0373868	0.0231556	0.0319973	0.032249	0.0228884	0.0402562	0.080511	0.247265	Primary Tumor
TCGA-QA-A7B7-01A	TCGA-QA-A7B7-01A	0.0316241	0.0487582	0.0255211	0.031564	0.0242149	0.0367119	0.0445006	0.0206918	0.0544625	0.27567	0.739151	Primary Tumor
TCGA-DD-AAD1-01A	TCGA-DD-AAD1-01A	0.0315761	0.0508953	0.0242257	0.0287355	0.0229113	0.037413	0.0252743	0.029956	0.0329042	0.0882429	0.197151	Primary Tumor
TCGA-5C-AAPD-01A	TCGA-5C-AAPD-01A	0.0315715	0.0451702	0.0259226	0.0340188	0.0212505	0.0363267	0.0339722	0.0238648	0.039723	0.0755353	0.177414	Primary Tumor
TCGA-DD-AAD8-01A	TCGA-DD-AAD8-01A	0.0315459	0.0509322	0.0275565	0.0373597	0.0281478	0.0293881	0.0350251	0.0335525	0.0563597	0.115646	0.0563786	Primary Tumor
TCGA-BC-A112-01A	TCGA-BC-A112-01A	0.0314811	0.0346654	0.0170645	0.0246857	0.0194909	0.0377068	0.0179782	0.0247819	0.0464519	0.0944955	0.145722	Primary Tumor
TCGA-DD-AAVP-01A	TCGA-DD-AAVP-01A	0.0314499	0.0538226	0.0242696	0.0382282	0.024237	0.0318438	0.0319019	0.0361894	0.0375684	0.0892266	0.105618	Primary Tumor
TCGA-O8-A75V-01A	TCGA-O8-A75V-01A	0.0314317	0.050056	0.0229251	0.0387996	0.0273457	0.0376789	0.0465146	0.0241942	0.0364641	0.0927408	0.223481	Primary Tumor
TCGA-BC-A216-11A	TCGA-BC-A216-11A	0.0314308	0.0512008	0.017299	0.0186496	0.0168372	0.0564592	0.0286023	0.0237367	0.0407695	0.112256	0.179789	Solid Tissue Normal
TCGA-BC-A5W4-01A	TCGA-BC-A5W4-01A	0.0313394	0.0558344	0.0260147	0.0442605	0.0297668	0.0374901	0.0345367	0.020948	0.0441533	0.0962306	0.276013	Primary Tumor
TCGA-CC-A123-01A	TCGA-CC-A123-01A	0.0311655	0.0548553	0.0165765	0.0243083	0.0232651	0.040736	0.0237631	0.0230238	0.0375393	0.0777507	0.201797	Primary Tumor
TCGA-MI-A75G-01A	TCGA-MI-A75G-01A	0.0311368	0.0436861	0.0205803	0.03939	0.0258239	0.0392231	0.0608898	0.0184053	0.0461346	0.0994481	0.121782	Primary Tumor
TCGA-RC-A7S9-01A	TCGA-RC-A7S9-01A	0.0311317	0.0383173	0.0179863	0.0321235	0.0191244	0.0362663	0.0253918	0.0228134	0.0368691	0.0835268	0.0899724	Primary Tumor
TCGA-DD-AAE2-01A	TCGA-DD-AAE2-01A	0.031123	0.0592246	0.0228793	0.0379696	0.0284087	0.0308035	0.0252694	0.0280649	0.0364978	0.0920221	0.156874	Primary Tumor
TCGA-T1-A6J8-01A	TCGA-T1-A6J8-01A	0.0310774	0.0470458	0.0202274	0.0371857	0.0252746	0.0335885	0.0233199	0.0225649	0.0336797	0.0952082	0.11963	Primary Tumor
TCGA-G3-A7M7-01A	TCGA-G3-A7M7-01A	0.0310768	0.0427473	0.0174161	0.0322839	0.0197613	0.0355421	0.0212105	0.0191661	0.0390849	0.0873143	0.204492	Primary Tumor
TCGA-RC-A7SK-01A	TCGA-RC-A7SK-01A	0.0310722	0.0373513	0.0205375	0.0323174	0.0250035	0.0358232	0.0321794	0.0277799	0.0417081	0.117068	0.109839	Primary Tumor
TCGA-DD-A119-11A	TCGA-DD-A119-11A	0.0310287	0.0380424	0.020476	0.0362693	0.0298316	0.0300767	0.0346756	0.0222777	0.0499429	0.0922392	0.262424	Solid Tissue Normal
TCGA-G3-A3CG-01A	TCGA-G3-A3CG-01A	0.0310198	0.0451555	0.0224025	0.0317061	0.0218803	0.0430412	0.0401581	0.0219223	0.0349241	0.088863	0.229109	Primary Tumor
TCGA-DD-A3A8-01A	TCGA-DD-A3A8-01A	0.0309826	0.0444169	0.0214168	0.0345615	0.026892	0.0389182	0.0338325	0.0297263	0.0395447	0.084247	0.232139	Primary Tumor
TCGA-DD-A4NP-01A	TCGA-DD-A4NP-01A	0.030898	0.0447248	0.0216173	0.0375976	0.0269335	0.0366236	0.0315591	0.0217348	0.0321326	0.132487	0.159252	Primary Tumor
TCGA-DD-A118-11A	TCGA-DD-A118-11A	0.0308597	0.056711	0.0201552	0.0280569	0.02026	0.0362544	0.0296331	0.030247	0.0398659	0.0868918	0.235074	Solid Tissue Normal
TCGA-BC-A10S-11A	TCGA-BC-A10S-11A	0.0308521	0.200303	0.036337	0.0813504	0.142483	0.0326905	0.0631947	0.02196	0.0311607	0.400335	0.237269	Solid Tissue Normal
TCGA-DD-A4NS-01A	TCGA-DD-A4NS-01A	0.0308495	0.0406261	0.0208366	0.0453436	0.0261716	0.0341383	0.0292931	0.031472	0.032112	0.088342	0.270834	Primary Tumor
TCGA-DD-A3A3-11A	TCGA-DD-A3A3-11A	0.0308175	0.0484198	0.0224199	0.0294579	0.0301561	0.0422055	0.0372095	0.0287778	0.0449942	0.0995928	0.220459	Solid Tissue Normal
TCGA-DD-AAW0-01A	TCGA-DD-AAW0-01A	0.0307709	0.0460702	0.025712	0.0305445	0.0268432	0.0323927	0.028448	0.0298354	0.0376398	0.0836122	0.176188	Primary Tumor
TCGA-G3-A7M9-01A	TCGA-G3-A7M9-01A	0.0307107	0.0377177	0.0259369	0.0390343	0.0261864	0.0308447	0.0247099	0.0257141	0.0401825	0.0937273	0.382311	Primary Tumor
TCGA-DD-AAEK-01A	TCGA-DD-AAEK-01A	0.0307045	0.0519557	0.0212841	0.0280977	0.0258856	0.0323049	0.0264801	0.0298364	0.0369766	0.0889715	0.186857	Primary Tumor
TCGA-DD-A1EH-01A	TCGA-DD-A1EH-01A	0.0306944	0.0712285	0.0369739	0.018532	0.0227216	0.0391527	0.0199184	0.0273022	0.0348903	0.113922	0.23651	Primary Tumor
TCGA-MI-A75E-01A	TCGA-MI-A75E-01A	0.0306828	0.0523474	0.0204274	0.0305701	0.0254399	0.0446172	0.0522503	0.020255	0.0530576	0.0923707	0.274627	Primary Tumor
TCGA-DD-AAVW-01A	TCGA-DD-AAVW-01A	0.0305513	0.0483579	0.0254279	0.0405095	0.0232208	0.0315204	0.0320814	0.0309202	0.0317294	0.0874272	0.162875	Primary Tumor
TCGA-CC-A7IJ-01A	TCGA-CC-A7IJ-01A	0.0305346	0.041858	0.0197122	0.0368323	0.0252681	0.0519728	0.0308295	0.025242	0.0351042	0.10637	0.520777	Primary Tumor
TCGA-DD-A73D-01A	TCGA-DD-A73D-01A	0.0305246	0.051345	0.0263479	0.0300682	0.0252667	0.043469	0.0558379	0.0225873	0.0330142	0.114402	0.561893	Primary Tumor
TCGA-DD-AAW1-01A	TCGA-DD-AAW1-01A	0.030449	0.0570964	0.0203708	0.0370122	0.024944	0.0387001	0.0275791	0.0313514	0.0299858	0.110845	0.161096	Primary Tumor
TCGA-DD-A1EE-11A	TCGA-DD-A1EE-11A	0.0304357	0.0468002	0.0202111	0.0403435	0.0237837	0.0404787	0.0329322	0.0280293	0.0341637	0.0957303	0.193806	Solid Tissue Normal
TCGA-DD-AAEE-01A	TCGA-DD-AAEE-01A	0.0303813	0.0409928	0.0173506	0.0352329	0.0240973	0.0271177	0.0255178	0.0249224	0.037091	0.11103	0.158626	Primary Tumor
TCGA-RG-A7D4-01A	TCGA-RG-A7D4-01A	0.0303762	0.0346425	0.024878	0.0309498	0.0201961	0.0348203	0.0261053	0.026151	0.0397448	0.148684	0.331854	Primary Tumor
TCGA-BC-A10W-11A	TCGA-BC-A10W-11A	0.0303561	0.043715	0.025274	0.0295039	0.0295056	0.0288118	0.0268208	0.0234888	0.0303527	0.089945	0.289019	Solid Tissue Normal
TCGA-UB-A7MD-01A	TCGA-UB-A7MD-01A	0.0303145	0.0403069	0.023822	0.0277166	0.0288358	0.0381724	0.0259537	0.0231546	0.0391035	0.0850058	0.250578	Primary Tumor
TCGA-DD-AACJ-01A	TCGA-DD-AACJ-01A	0.0302973	0.050433	0.0265658	0.033985	0.0253709	0.0329535	0.0273638	0.0368745	0.026123	0.111793	0.116026	Primary Tumor
TCGA-DD-A4NE-01A	TCGA-DD-A4NE-01A	0.0302819	0.0472012	0.0298557	0.0466006	0.0297515	0.0352065	0.0511685	0.02146	0.0395104	0.0931585	0.135478	Primary Tumor
TCGA-G3-AAV6-01A	TCGA-G3-AAV6-01A	0.0302732	0.0414935	0.0261995	0.0343605	0.0269537	0.0370307	0.0298558	0.0227827	0.040894	0.111455	0.493887	Primary Tumor
TCGA-DD-AACT-01A	TCGA-DD-AACT-01A	0.0302455	0.0631756	0.0199655	0.0314825	0.0260045	0.0392669	0.0495221	0.0224952	0.040147	0.0847455	0.146699	Primary Tumor
TCGA-UB-A7ME-01A	TCGA-UB-A7ME-01A	0.030225	0.031256	0.0209113	0.0368459	0.0231941	0.0321124	0.0292205	0.0312818	0.0287534	0.118184	0.191368	Primary Tumor
TCGA-CC-A3MC-01A	TCGA-CC-A3MC-01A	0.0301047	0.0503117	0.0231988	0.0309329	0.0254231	0.0357805	0.0285244	0.0241211	0.0304109	0.107844	0.213477	Primary Tumor
TCGA-DD-A1EB-01A	TCGA-DD-A1EB-01A	0.0300941	0.0400433	0.0201181	0.057231	0.0234522	0.0377956	0.0323957	0.022525	0.0282411	0.075102	0.149022	Primary Tumor
TCGA-DD-AAVU-01A	TCGA-DD-AAVU-01A	0.0300744	0.0487895	0.0212573	0.0258286	0.0265316	0.0317254	0.0282385	0.0212653	0.0401716	0.10426	0.0570482	Primary Tumor
TCGA-DD-AACK-01A	TCGA-DD-AACK-01A	0.0300724	0.04134	0.0237064	0.0338245	0.0277047	0.029986	0.0332559	0.0279684	0.0354703	0.0881161	0.0759355	Primary Tumor
TCGA-KR-A7K0-01A	TCGA-KR-A7K0-01A	0.0300321	0.0440266	0.0208707	0.0334612	0.0334303	0.0371868	0.0271402	0.0244198	0.0375507	0.119298	0.18222	Primary Tumor
TCGA-G3-AAV4-01A	TCGA-G3-AAV4-01A	0.0298832	0.0423422	0.0266285	0.0553817	0.0286922	0.0275153	0.0477521	0.0229983	0.0397194	0.155195	0.79286	Primary Tumor
TCGA-DD-A4NV-01A	TCGA-DD-A4NV-01A	0.0297569	0.0398681	0.0197908	0.0289183	0.0211602	0.0270531	0.0250714	0.0265521	0.0322359	0.0714545	0.189508	Primary Tumor
TCGA-HP-A5MZ-01A	TCGA-HP-A5MZ-01A	0.0297389	0.0421664	0.0202624	0.0409323	0.028625	0.029599	0.0315749	0.0195601	0.0442901	0.0858853	0.230337	Primary Tumor
TCGA-BC-A3KF-01A	TCGA-BC-A3KF-01A	0.0296963	0.0504285	0.0211527	0.024428	0.024899	0.0324695	0.026486	0.0246126	0.0524372	0.0875894	0.138822	Primary Tumor
TCGA-ED-A5KG-01A	TCGA-ED-A5KG-01A	0.029681	0.0506283	0.0244425	0.0414759	0.026863	0.0292766	0.0474673	0.0234204	0.0333326	0.119681	0.330159	Primary Tumor
TCGA-2Y-A9H6-01A	TCGA-2Y-A9H6-01A	0.0296413	0.0529898	0.0229214	0.0438055	0.0257909	0.0336847	0.0327638	0.0215231	0.035133	0.0767814	0.175919	Primary Tumor
TCGA-RC-A7SB-01A	TCGA-RC-A7SB-01A	0.0296169	0.0387028	0.0185917	0.033933	0.0233245	0.0415457	0.0287494	0.0224164	0.0401325	0.112183	0.182276	Primary Tumor
TCGA-FV-A23B-11A	TCGA-FV-A23B-11A	0.0295702	0.0521357	0.0276183	0.11161	0.021108	0.0741274	0.0270173	0.0319029	0.0364947	0.0738924	0.247801	Solid Tissue Normal
TCGA-DD-A11A-01A	TCGA-DD-A11A-01A	0.0294175	0.0406475	0.0205039	0.0305841	0.0236855	0.0321452	0.0231274	0.0233034	0.0301736	0.124143	0.162938	Primary Tumor
TCGA-2Y-A9H7-01A	TCGA-2Y-A9H7-01A	0.0294098	0.0491492	0.0213025	0.029969	0.0260398	0.0381215	0.0346094	0.0202791	0.0366556	0.0999281	0.261794	Primary Tumor
TCGA-DD-AADF-01A	TCGA-DD-AADF-01A	0.0293518	0.0465111	0.0217418	0.0249613	0.0201286	0.0369243	0.0281572	0.0233815	0.0304984	0.120627	0.352392	Primary Tumor
TCGA-G3-A7M8-01A	TCGA-G3-A7M8-01A	0.0293496	0.0393873	0.0216556	0.0261855	0.0250571	0.0351933	0.0313333	0.0208329	0.0476347	0.140808	0.272754	Primary Tumor
TCGA-G3-AAV5-01A	TCGA-G3-AAV5-01A	0.0293463	0.041002	0.0257995	0.0412007	0.0305813	0.031673	0.0371864	0.0250847	0.0365986	0.0677408	0.0959913	Primary Tumor
TCGA-RC-A7SF-01A	TCGA-RC-A7SF-01A	0.029245	0.0430316	0.0213801	0.0408201	0.0259322	0.0312345	0.0230027	0.0223568	0.0313483	0.110361	0.0993346	Primary Tumor
TCGA-ED-A7XO-01A	TCGA-ED-A7XO-01A	0.0292178	0.0413638	0.0168318	0.0232002	0.0182246	0.0301619	0.0240827	0.0240539	0.0398777	0.118834	0.202358	Primary Tumor
TCGA-K7-A6G5-01A	TCGA-K7-A6G5-01A	0.0292178	0.0398653	0.0180979	0.0182752	0.0201242	0.0304067	0.0213775	0.0252266	0.0256178	0.0756002	0.181477	Primary Tumor
TCGA-UB-A7MF-01A	TCGA-UB-A7MF-01A	0.0292059	0.0398956	0.0211123	0.036168	0.0169684	0.033504	0.0364786	0.0273301	0.0346739	0.117807	0.059963	Primary Tumor
TCGA-DD-AACO-01A	TCGA-DD-AACO-01A	0.0290817	0.0519646	0.0208059	0.0273395	0.0269235	0.041007	0.0301831	0.0273882	0.031747	0.0853479	0.124345	Primary Tumor
TCGA-BW-A5NO-01A	TCGA-BW-A5NO-01A	0.0290595	0.0411351	0.0218757	0.0317885	0.0285503	0.0329135	0.0295648	0.0217043	0.0299434	0.0898828	0.0768081	Primary Tumor
TCGA-ED-A66Y-01A	TCGA-ED-A66Y-01A	0.0289796	0.0332509	0.0187334	0.0253986	0.0232108	0.0382886	0.0271828	0.0238571	0.0282934	0.0858677	0.0745334	Primary Tumor
TCGA-ZS-A9CE-01A	TCGA-ZS-A9CE-01A	0.0289792	0.0442966	0.0226476	0.0327141	0.0239883	0.0308683	0.0239345	0.0188011	0.0447005	0.071841	0.103837	Primary Tumor
TCGA-G3-AAUZ-01A	TCGA-G3-AAUZ-01A	0.0289534	0.0424232	0.0221543	0.0691408	0.0393517	0.0337701	0.0569479	0.0239473	0.0323667	0.0702328	0.14153	Primary Tumor
TCGA-DD-A11C-01A	TCGA-DD-A11C-01A	0.0289511	0.0420038	0.0213473	0.0544156	0.0236776	0.0318651	0.0320126	0.0267608	0.0397766	0.10904	0.589067	Primary Tumor
TCGA-DD-AADI-01A	TCGA-DD-AADI-01A	0.0288249	0.0489201	0.0246163	0.0320963	0.0278067	0.0285451	0.0312389	0.0276624	0.0396952	0.110803	0.157935	Primary Tumor
TCGA-DD-AADY-01A	TCGA-DD-AADY-01A	0.0287906	0.0640657	0.0209035	0.0468561	0.0220079	0.04837	0.0279272	0.0274557	0.0479066	0.0997411	0.146665	Primary Tumor
TCGA-G3-A7M6-01A	TCGA-G3-A7M6-01A	0.028779	0.0251297	0.02063	0.0218339	0.0180841	0.0293573	0.0251045	0.0206819	0.0394401	0.111926	0.455223	Primary Tumor
TCGA-G3-A5SM-01A	TCGA-G3-A5SM-01A	0.0287761	0.0476505	0.0199764	0.0265334	0.0232732	0.0440984	0.0249652	0.0181359	0.0456427	0.119471	0.21268	Primary Tumor
TCGA-BC-A10S-01A	TCGA-BC-A10S-01A	0.028746	0.0423814	0.0190108	0.0313639	0.0236131	0.0299668	0.0191831	0.0241698	0.0350547	0.104021	0.131172	Primary Tumor
TCGA-ED-A7PZ-01A	TCGA-ED-A7PZ-01A	0.0287384	0.0453018	0.0201774	0.0277198	0.0184493	0.0331739	0.0208634	0.0253221	0.0346139	0.113584	0.102401	Primary Tumor
TCGA-BC-A8YO-01A	TCGA-BC-A8YO-01A	0.0287021	0.0479506	0.0221352	0.0449257	0.0256844	0.0320732	0.0318321	0.0207079	0.0430834	0.0774335	0.171654	Primary Tumor
TCGA-DD-AADE-01A	TCGA-DD-AADE-01A	0.0286988	0.0500104	0.0266528	0.0270588	0.0281838	0.0323997	0.0306711	0.0286549	0.0512939	0.123788	0.142034	Primary Tumor
TCGA-DD-A73A-01A	TCGA-DD-A73A-01A	0.0285804	0.0474725	0.0216541	0.0336355	0.026401	0.0338477	0.0408686	0.0234845	0.0474401	0.0959449	0.171739	Primary Tumor
TCGA-DD-A11C-11A	TCGA-DD-A11C-11A	0.0285338	0.046737	0.0258177	0.0391672	0.0287489	0.0307916	0.0404679	0.0240647	0.031984	0.10735	0.244996	Solid Tissue Normal
TCGA-DD-AACC-01A	TCGA-DD-AACC-01A	0.0285238	0.0449654	0.020662	0.0310247	0.0233327	0.0277257	0.0250048	0.027614	0.0275164	0.0925504	0.257373	Primary Tumor
TCGA-DD-A11B-01A	TCGA-DD-A11B-01A	0.028498	0.0385892	0.0171576	0.0339098	0.0201216	0.0330604	0.0233738	0.0206369	0.0383748	0.105808	0.0930314	Primary Tumor
TCGA-DD-A1EG-01A	TCGA-DD-A1EG-01A	0.0284265	0.0417076	0.021954	0.0334146	0.0201351	0.0358527	0.029837	0.0220284	0.0299021	0.0998414	0.142591	Primary Tumor
TCGA-BC-A10X-01A	TCGA-BC-A10X-01A	0.0283383	0.0394807	0.0217219	0.0269381	0.0227099	0.0340363	0.0243349	0.0195546	0.0276911	0.0751387	0.240067	Primary Tumor
TCGA-DD-AADD-01A	TCGA-DD-AADD-01A	0.0282538	0.0408517	0.0272445	0.0317455	0.0228158	0.0235156	0.0267779	0.0298593	0.0429784	0.126288	0.500004	Primary Tumor
TCGA-K7-A5RF-01A	TCGA-K7-A5RF-01A	0.0281943	0.0381362	0.0242923	0.0348897	0.025717	0.0336745	0.0275828	0.0221624	0.040718	0.0991192	0.204217	Primary Tumor
TCGA-DD-AAVQ-01A	TCGA-DD-AAVQ-01A	0.0281303	0.0565893	0.0242874	0.0389884	0.0241415	0.03325	0.0239535	0.0328466	0.0405226	0.0824542	0.214813	Primary Tumor
TCGA-2Y-A9HA-01A	TCGA-2Y-A9HA-01A	0.0281178	0.0448198	0.0236053	0.0248582	0.0243872	0.0382193	0.0316639	0.0231068	0.0370813	0.0926258	0.215274	Primary Tumor
TCGA-ES-A2HS-01A	TCGA-ES-A2HS-01A	0.0280991	0.0448804	0.0144938	0.0551217	0.0154114	0.022253	0.0281624	0.0178214	0.0471239	0.088156	0.143673	Primary Tumor
TCGA-DD-AAEI-01A	TCGA-DD-AAEI-01A	0.0280866	0.0620137	0.0215875	0.0394192	0.0253675	0.0404986	0.0277635	0.0227274	0.0347378	0.0956193	0.165812	Primary Tumor
TCGA-DD-A4NJ-01A	TCGA-DD-A4NJ-01A	0.0279184	0.0378845	0.023929	0.0498015	0.0307871	0.0268923	0.0419973	0.0276943	0.0342352	0.134335	0.10923	Primary Tumor
TCGA-DD-AADS-01A	TCGA-DD-AADS-01A	0.0278286	0.0479236	0.0236338	0.02722	0.0218463	0.0343379	0.0223718	0.0264966	0.0354691	0.113317	0.1937	Primary Tumor
TCGA-CC-A8HS-01A	TCGA-CC-A8HS-01A	0.0277924	0.049222	0.0193545	0.0269795	0.0241854	0.0425416	0.0332838	0.0199083	0.0443483	0.0808997	0.3514	Primary Tumor
TCGA-DD-AAE6-01A	TCGA-DD-AAE6-01A	0.027698	0.049129	0.0234245	0.0393851	0.0327525	0.0388227	0.0344716	0.027721	0.042715	0.0944138	0.189323	Primary Tumor
TCGA-CC-5258-01A	TCGA-CC-5258-01A	0.0276944	0.0336684	0.0169374	0.0826023	0.0241361	0.029248	0.033871	0.0248345	0.0321335	0.090595	0.274262	Primary Tumor
TCGA-DD-AACN-01A	TCGA-DD-AACN-01A	0.0276646	0.0564056	0.0177569	0.0281845	0.0260593	0.0315232	0.023974	0.0261773	0.0445811	0.109557	0.43986	Primary Tumor
TCGA-DD-AAEA-01A	TCGA-DD-AAEA-01A	0.0275115	0.0545109	0.0170651	0.0295397	0.0273151	0.0312636	0.0252465	0.0291338	0.0436427	0.117214	0.142622	Primary Tumor
TCGA-DD-AAVS-01A	TCGA-DD-AAVS-01A	0.0274766	0.056309	0.0236075	0.0245834	0.0203807	0.034003	0.0224689	0.0235698	0.0321416	0.111928	0.147641	Primary Tumor
TCGA-G3-A25Z-01A	TCGA-G3-A25Z-01A	0.0274618	0.0466343	0.0177072	0.0271362	0.0233053	0.0394134	0.0286978	0.0268694	0.0347377	0.093549	0.194522	Primary Tumor
TCGA-DD-A1EF-11A	TCGA-DD-A1EF-11A	0.0274176	0.0411342	0.0270963	0.0231876	0.026456	0.0360948	0.028196	0.0255561	0.0392863	0.08885	0.299707	Solid Tissue Normal
TCGA-2V-A95S-01A	TCGA-2V-A95S-01A	0.0272742	0.0436675	0.0220888	0.0372256	0.0295986	0.0331358	0.0353236	0.0211174	0.0416654	0.102729	0.157807	Primary Tumor
TCGA-NI-A4U2-01A	TCGA-NI-A4U2-01A	0.0272618	0.0513567	0.0204858	0.0448886	0.0227819	0.0318456	0.0383931	0.0222946	0.026379	0.103202	0.209815	Primary Tumor
TCGA-BD-A2L6-11A	TCGA-BD-A2L6-11A	0.0272169	0.0448201	0.0267391	0.0324543	0.0260092	0.0401082	0.0345784	0.0230835	0.0413749	0.0742678	0.241246	Solid Tissue Normal
TCGA-3K-AAZ8-01A	TCGA-3K-AAZ8-01A	0.0272067	0.0444003	0.0198046	0.0279383	0.0230964	0.0300186	0.0282956	0.0188954	0.0352673	0.11089	0.118793	Primary Tumor
TCGA-DD-A4NI-01A	TCGA-DD-A4NI-01A	0.0271579	0.0402116	0.0217797	0.0339221	0.0242105	0.0267177	0.0474474	0.0215016	0.0321047	0.109446	0.185303	Primary Tumor
TCGA-UB-A7MA-01A	TCGA-UB-A7MA-01A	0.0270776	0.0444724	0.0119226	0.0191783	0.0165699	0.0345783	0.0250469	0.0182287	0.0419239	0.0800908	0.0939646	Primary Tumor
TCGA-2Y-A9H8-01A	TCGA-2Y-A9H8-01A	0.0270225	0.0470048	0.0262274	0.0336733	0.0299084	0.0339003	0.0467896	0.0230196	0.0431466	0.0897447	0.0882337	Primary Tumor
TCGA-CC-A9FU-01A	TCGA-CC-A9FU-01A	0.0268167	0.0457347	0.0209973	0.0275095	0.0172816	0.031198	0.0296871	0.0174552	0.0361926	0.104893	0.72686	Primary Tumor
TCGA-WX-AA47-01A	TCGA-WX-AA47-01A	0.0266406	0.0421221	0.0252989	0.0296766	0.0278988	0.0355759	0.0358903	0.0214152	0.0385254	0.0633743	0.0987236	Primary Tumor
TCGA-DD-A4NO-01A	TCGA-DD-A4NO-01A	0.0264124	0.0424991	0.0209604	0.0619226	0.0191283	0.0388034	0.0365384	0.0223013	0.0394923	0.0897781	0.145774	Primary Tumor
TCGA-BW-A5NP-01A	TCGA-BW-A5NP-01A	0.0263593	0.0488711	0.0220839	0.029427	0.0257766	0.0399174	0.0443182	0.0191535	0.0389513	0.121203	0.714468	Primary Tumor
TCGA-CC-A5UC-01A	TCGA-CC-A5UC-01A	0.0263556	0.0564838	0.0230521	0.0763682	0.0264079	0.0298264	0.040884	0.0219437	0.0472067	0.13406	0.31198	Primary Tumor
TCGA-BC-A10U-11A	TCGA-BC-A10U-11A	0.0263512	0.0344333	0.022509	0.0383683	0.0212073	0.0286661	0.0267508	0.0207978	0.0267135	0.0759544	0.247786	Solid Tissue Normal
TCGA-DD-AADB-01A	TCGA-DD-AADB-01A	0.0263451	0.045256	0.0203469	0.0249969	0.0162395	0.0252757	0.018997	0.0257828	0.03687	0.080293	0.218245	Primary Tumor
TCGA-BC-A10Z-01A	TCGA-BC-A10Z-01A	0.0262186	0.0400538	0.0269284	0.0393113	0.0254018	0.0264783	0.0296482	0.025494	0.033757	0.100305	0.0519358	Primary Tumor
TCGA-BD-A3EP-11A	TCGA-BD-A3EP-11A	0.0259784	0.0510286	0.0237842	0.0326125	0.0249495	0.0442449	0.0399495	0.0214227	0.0310083	0.0962705	0.244911	Solid Tissue Normal
TCGA-ZP-A9D4-01A	TCGA-ZP-A9D4-01A	0.0258638	0.0399472	0.020543	0.028668	0.0255726	0.0475417	0.0326797	0.0195236	0.0300123	0.0529759	0.13618	Primary Tumor
TCGA-DD-A4NR-01A	TCGA-DD-A4NR-01A	0.0257785	0.0403197	0.0229642	0.0336082	0.0223859	0.0327169	0.0297988	0.022684	0.0317529	0.0903558	0.211357	Primary Tumor
TCGA-DD-AAEG-01A	TCGA-DD-AAEG-01A	0.025752	0.0415398	0.023507	0.0291757	0.0279884	0.0306359	0.0409696	0.0219824	0.0466303	0.0607158	0.17991	Primary Tumor
TCGA-BC-A69H-01A	TCGA-BC-A69H-01A	0.0257143	0.0375221	0.0173805	0.0283974	0.0211512	0.0258075	0.0242277	0.0270802	0.0366943	0.118497	0.182663	Primary Tumor
TCGA-ED-A66X-01A	TCGA-ED-A66X-01A	0.0253746	0.0399012	0.0226034	0.0271023	0.0225735	0.0346899	0.0281289	0.027568	0.0276754	0.109229	0.206768	Primary Tumor
TCGA-DD-AACZ-01A	TCGA-DD-AACZ-01A	0.0250164	0.0425735	0.023155	0.0382183	0.032148	0.0285176	0.0308842	0.0291592	0.0437424	0.088069	0.19908	Primary Tumor
TCGA-CC-A3MB-01A	TCGA-CC-A3MB-01A	0.0247217	0.0495366	0.0196969	0.0255171	0.0214702	0.0343398	0.0275825	0.0240112	0.0281384	0.0930713	0.116006	Primary Tumor
TCGA-DD-A118-01A	TCGA-DD-A118-01A	0.0241781	0.0723557	0.0243197	0.0557024	0.0254607	0.0199229	0.0244032	0.0244794	0.0462523	0.162469	0.18107	Primary Tumor
TCGA-XR-A8TD-01A	TCGA-XR-A8TD-01A	0.023555	0.0406698	0.0223912	0.0315694	0.0246268	0.0321994	0.0282423	0.0184731	0.0487246	0.106546	0.218887	Primary Tumor
TCGA-ED-A7PX-01A	TCGA-ED-A7PX-01A	0.0228966	0.0310851	0.0187948	0.0364397	0.019524	0.0419496	0.0258546	0.0212067	0.0330671	0.104797	0.180783	Primary Tumor
TCGA-WX-AA44-01A	TCGA-WX-AA44-01A	0.0228691	0.0417797	0.0259467	0.0325832	0.0260597	0.0358281	0.0283023	0.0225176	0.0383821	0.108688	0.23028	Primary Tumor
TCGA-GJ-A9DB-01A	TCGA-GJ-A9DB-01A	0.0227223	0.0362342	0.0233668	0.0447607	0.0282123	0.0312888	0.0234994	0.0230791	0.0358761	0.0888387	0.116055	Primary Tumor
TCGA-DD-AADK-01A	TCGA-DD-AADK-01A	0.0221102	0.0423021	0.0213812	0.0290184	0.025871	0.0323675	0.0223652	0.0263243	0.0279489	0.0896679	0.177865	Primary Tumor
TCGA-BD-A3ER-11A	TCGA-BD-A3ER-11A												Solid Tissue Normal
TCGA-DD-A39Y-11A	TCGA-DD-A39Y-11A												Solid Tissue Normal
TCGA-DD-A3A0-11A	TCGA-DD-A3A0-11A												Solid Tissue Normal
TCGA-DD-A3A4-11A	TCGA-DD-A3A4-11A												Solid Tissue Normal
TCGA-DD-A3A5-11A	TCGA-DD-A3A5-11A												Solid Tissue Normal
TCGA-DD-A3A6-11A	TCGA-DD-A3A6-11A												Solid Tissue Normal
TCGA-DD-A3A7-11A	TCGA-DD-A3A7-11A												Solid Tissue Normal
TCGA-DD-A3A8-11A	TCGA-DD-A3A8-11A												Solid Tissue Normal
TCGA-DD-A3A9-11A	TCGA-DD-A3A9-11A												Solid Tissue Normal
TCGA-DD-A4NA-11A	TCGA-DD-A4NA-11A												Solid Tissue Normal
TCGA-DD-A4NB-11A	TCGA-DD-A4NB-11A												Solid Tissue Normal
TCGA-DD-A4ND-11A	TCGA-DD-A4ND-11A												Solid Tissue Normal
TCGA-DD-A4NE-11A	TCGA-DD-A4NE-11A												Solid Tissue Normal
TCGA-DD-A4NG-11A	TCGA-DD-A4NG-11A												Solid Tissue Normal
TCGA-DD-A4NH-11A	TCGA-DD-A4NH-11A												Solid Tissue Normal
TCGA-DD-A4NI-11A	TCGA-DD-A4NI-11A												Solid Tissue Normal
TCGA-DD-A4NJ-11A	TCGA-DD-A4NJ-11A												Solid Tissue Normal
TCGA-DD-A4NK-11A	TCGA-DD-A4NK-11A												Solid Tissue Normal
TCGA-DD-A4NL-11A	TCGA-DD-A4NL-11A												Solid Tissue Normal
TCGA-DD-A4NN-11A	TCGA-DD-A4NN-11A												Solid Tissue Normal
TCGA-DD-A4NO-11A	TCGA-DD-A4NO-11A												Solid Tissue Normal
TCGA-DD-A4NP-11A	TCGA-DD-A4NP-11A												Solid Tissue Normal
TCGA-DD-A4NQ-11A	TCGA-DD-A4NQ-11A												Solid Tissue Normal
TCGA-DD-A4NR-11A	TCGA-DD-A4NR-11A												Solid Tissue Normal
TCGA-DD-A4NS-11A	TCGA-DD-A4NS-11A												Solid Tissue Normal
TCGA-DD-A4NV-11A	TCGA-DD-A4NV-11A												Solid Tissue Normal
TCGA-EP-A3RK-11A	TCGA-EP-A3RK-11A												Solid Tissue Normal
TCGA-FV-A3I0-11A	TCGA-FV-A3I0-11A												Solid Tissue Normal
TCGA-FV-A3I1-11A	TCGA-FV-A3I1-11A												Solid Tissue Normal
TCGA-FV-A3R2-11A	TCGA-FV-A3R2-11A												Solid Tissue Normal
TCGA-FV-A495-11A	TCGA-FV-A495-11A												Solid Tissue Normal
TCGA-FV-A496-11A	TCGA-FV-A496-11A												Solid Tissue Normal
TCGA-FV-A4ZP-11A	TCGA-FV-A4ZP-11A												Solid Tissue Normal
TCGA-G3-A3CH-11A	TCGA-G3-A3CH-11A												Solid Tissue Normal
TCGA-GJ-A6C0-11A	TCGA-GJ-A6C0-11A												Solid Tissue Normal
TCGA-K7-A5RF-11A	TCGA-K7-A5RF-11A												Solid Tissue Normal
TCGA-K7-A5RG-11A	TCGA-K7-A5RG-11A												Solid Tissue Normal
TCGA-LG-A6GG-11A	TCGA-LG-A6GG-11A												Solid Tissue Normal
TCGA-NI-A4U2-11A	TCGA-NI-A4U2-11A												Solid Tissue Normal
